name;Fabyy;JNails;Sharur;Yudai;RDon;HolZ;Mic Qsenoch
2025-22-11;;;;;iwnovLyohcQ;;
2025-12-10;;Cy7SFhmPBkA;;1zRC5DeSPRA;;;
2025-12-09;vgygfJp3zMA;7slMaunAiuA;fcmuYSiFVuI;NdvZ52b9diU;;;
2025-12-08;113vLKLO_uE;LlOIFi5RV7A;MX5SpgBr4WU;3XXARcEfn3w;;;
2025-12-07;9H9jZ8aCEq4;Ng5sOgUyc8U;o3yG-gdidgE;00vSStHXnYg;;;
2025-12-06;IgFXhaGmZAI;8S0q9-ItVA8;BB2hZlKctSM;AbpPmLTxVo8;;;
2025-12-05;;-MwDmbtVeFc;PYZRtS-0kQY;yvLWYlKH9Ek;;;
2025-12-04;;O2K0lBz3VoY;HB9o-35X8ao;xeCNxxlmaV4;;;
2025-12-03;;t3gyF64Yw-g;CAZIn0dgxx8;SW5tXx6BYBo;MAgFhqRDUzs;;
2025-12-02;;0wrwpfY0ScE;6LRr3USkdLA;_opu8KjR8ds;KPqY1qrLBO0;;
2025-12-01;;0OXh3papi6M;WHRm0WOid7k;Ap5V-dnr7NI;;;
2025-11-30;WAldXVGxo2o;ZIKfaVU_LUU;e_UlJXQkCmc;MmL6DK8eUvU;UVM7Q1QEZTg;;
2025-11-29;OdPG4-t6vFQ;gtM9gashNMM;dHi3SuVjR24;bOQRnyhCeWo;YLVzp3Ya7eY;;
2025-11-28;;diORAkbq0GQ;RBjJFwuAK_g;Fvcbw8SPDv0;Umi9CUtKlts;;
2025-11-27;;bTqpRHvHuKI;q4KMbYNR0mQ;bEmxbSHVxG8;;;
2025-11-26;;5b2rKQzqhq4;shxzm3WsDb4;214GOGUU0ig;;;
2025-11-25;;0-nX1u_pp-g;GmHOwHB0B-E;cvseEQpS8Jw;;;
2025-11-24;;Fr3YyN3VejM;WMlqQ61XQHI;bO1flBsRFxE;;;
2025-11-23;;WRpOp5p-dmI;xwd8-DDPreE;sGNsTBFOYyo;PKtXRohubRw;;
2025-11-22;;PZ5Bxa4rzUE;jYOmYhmUfSU;NBlN8mq89lM;;;
2025-11-21;;QwgeStcidnI;bIp3D0e2W7k;AL06XzYf-OI;;;
2025-11-20;m4RYZYokeEY;v6O-19u8wUY;UHyZGhRSJRQ;4VSbd_80_PE;;;
2025-11-19;;25xsSVy4vF4;YgvA4nvabuU;6sRBaDmlk0Y;;;
2025-11-18;;-Hjf9BP4S_s;ou0AvoNbTS4;v56TQEV5m4s;;;
2025-11-17;;13U9oKPp2AM;T0dhCQT0gus;AevWQqFu69c;;;
2025-11-16;;rS6b7XY0ZC0;rzt_u-4nGU8;p9QhE7SDUGc;hBRn3-EzMdg;;
2025-11-15;;o5KaVlO4zvs;VNSqM2LPo7Y;8BVoSoQnUho;ZfYTEdjQEBs;;
2025-11-14;as-xQlbbb0k;THELWidtvSM;Tnr4gPMNmdI;4TdQiWnKtIo;HpvdzuPRHzE;;
2025-11-13;;Y09gluUbxrA;gTm3eF-DFow;9EdrRTWF7qM;N9LvEVU89zc;;
2025-11-12;;nHnRM5E0LIM;VC78u0ZluWw;IlUWHgPuDqk;1H237CkSqP0;;
2025-11-11;dgDcVddNf1U;ssQ390V5DBI;XPEeaBo_Vz0;Rfh9bWC94Q0;y1kVVnSWiTE;;
2025-11-10;58J8ZjmelBc;ftI6rrENkaY;3nrMYGm4dpw;;n0IV4tVfSIQ;;
2025-11-09;WUVXzgbFNzc;mw3GxCJXs74;mnH3YfzU_fw;pD35VUmwcG4;f-1YBHbXTks;;
2025-11-08;O29y6orBjP0;ft7EQh4Sf9A;BC514-L1EaQ;Fp6fNj3aDdU;asrdHMmXxDU;;
2025-11-07;;B2n7xcjbGcM;2CWfHjqNjDM;_sYIG7zCb7s;t7DxD5ZwDhM;;
2025-11-06;VYJSGIFxZ_Q;e3jWWBrYuDA;gpmUOoXctmc;oX8ytb_i_OQ;;;
2025-11-05;;iv2OBDSVT_U;DrztfpOdQdI;YuX302e1ZYE;;;
2025-11-04;gglLvDEuBa0;Oio1hYN2MCw;onTEThlyivQ;EOfFf5Us4z8;;;
2025-11-03;zcniQchu8s8;QepJS91G5Lc;EzvXB-oxZO4;5pgYDTupsnU;;;
2025-11-02;8tdVf_wgs7o;1WHIp53Lj8M;;juk2h4Y85V4;;;
2025-11-01;X6wDVbTcz5M;SllQTZccArw;;VOjiKJmuD_4;pSg_LlwEGVY;;
2025-10-31;;-n5fku73Q0U;;qzBU4umKjmo;6O1B7BLY3Rs;;
2025-10-30;U6jnCuZRpX4;g0kmuQCjo38;;qfbBOUYlc0g;ocgv8Fj9TyI;;
2025-10-29;w_gkscM_L2M;1zFXBPIT9nM;;QJuexSdcXTs;;;
2025-10-28;;Qq0wYEfCdOI;;vVdfBiAuNhE;v39RWxbzLyo;;
2025-10-27;62NMJHb_rac;9c4wNsNeS_s;;A3SCLIgn5Vk;;;
2025-10-26;QJTr4g2_22U;J4BSAkoAWhs;;1z3SZ5nfY6A;;;
2025-10-25;TmvbYomZxZw;cy78hU0RDBA;;Vig70uM9K2k;;;
2025-10-24;ViUxzTPNcms;FHoBiax_m0M;;g1k5knAF1IM;;;
2025-10-23;nLOXm9bgsTA;4ENCFyUYu5Y;;H3mUEUVjJ5s;;;
2025-10-22;LHF7XFclDQk;3dx2t1Xh41c;;ROqlAKcCtiA;I9FFRfkMezM;;
2025-10-21;nUURCo6sbig;15P-xTxjwOk;;tr9Y8jffJcQ;cyCHUSzxzPY;;
2025-10-20;1jQQ_G4viEo;aAi8m0lofB0;;fUvl-b0FZaM;;;
2025-10-19;nhgkUV6aeSI;IKDlrw2-pyc;;lhF9zsIxQQ0;;;
2025-10-18;;sMQfH3PHAs0;;lfeMDgNABzw;5KJ0nTR7KNw;;
2025-10-17;;q5BKAEXPqWg;;NHs77fc1Qxc;;;
2025-10-16;PF7Jx5RZIPk;npT-Kx5moQI;;wbP55oU2ch0;;;
2025-10-15;w3CiNnrfKCk;xWFALAxnt_A;;GvRFgDE8qhk;;;
2025-10-14;zJy9Cn2Kt0A;1PwgTOC0z84;;cNktDoPhdTo;;;
2025-10-13;mrXRqKQbccU;b5jGEhxGI74;;gSmU9Xg4AK8;;;
2025-10-12;UySBVF0aduI;xWxEFpMY8Kk;;NfZf-vbmfto;1e5CW9jr_ig;;
2025-10-11;SnrBMY6szGM;HXfXB7WgWXw;;jAwnActYcJw;_pdkLIlQ5gY;;
2025-10-10;1T0sYEbz210;KhGUj21jkV8;0k_xgX0u1-Y;gJgSx36WnKo;lhcpvLsot7U;;
2025-10-09;A2Bs_gSxgOM;YX0B-P205BA;dHBkOmolQfQ;WnUAm_gSK6s;;;
2025-10-08;qoz0fOMtnoU;HD-vHiyeUcU;MupK48CONi0;Hc4PsoPm914;;;
2025-10-07;;zyDRjwGEqSM;fDAPg-CB1yc;pPA62_6OLuw;qxs50jDPmAI;;
2025-10-06;6gQDjIp5Gco;Kpw3YVzC_Qo;rmWbK377zpA;HOi9FyEoOrw;u_njo7FitVQ;;
2025-10-05;smAAoJ5t_0U;z83M7UeUza4;lYujJXs4eB0;nEJwBnf0vf4;syhEkrOXtsU;;
2025-10-04;;pO6LvyRA9g8;T8LCpGNq42U;ryHGVBCu2r8;-XJaQnSr8fA;;
2025-10-03;;hRqXf3H1UAU;D8-7p_HU--E;G_IjNRM6sKI;hHSeCGyv0eI;;
2025-10-02;;Y7ANAAx1sw8;9TTBhdMlKEc;0QCEh0AxvwQ;HdSlpU4svv0;;
2025-10-01;;v87JOau6lqg;RBs62i7LPxQ;k9L64WEltes;0saPJYCFBTw;;
2025-09-30;;EYmPE_nmc-o;GGKWYHhJHZc;8j9KJIV-JMA;p9C3C-M2xxo;;
2025-09-29;;4-_rFZ4D9Yg;LxE05DqcWGA;kVLntF7V-Q0;dlOtXjcB3Fs;;
2025-09-28;;sDrzy9jAlGE;DB0H0Cube0I;os7MrCtQ-j0;NLsTjdhT1Qg;;
2025-09-27;;eJMbc24Ct9U;rt-W2CqpRXs;69vksGkyhfk;nxGLUMAS1H8;;
2025-09-26;;X5y3N0KbwI0;R3TaCSkMQWA;J0zh93uHJIQ;;;
2025-09-25;;AhlqqwaMkW4;o6fJtjA_-sU;UuRFB6v8rDY;;;
2025-09-24;;M0AVRyPgHEM;017eQ5G31Ng;27w7hQIhCJ0;ebnOpwJXKF8;;
2025-09-23;;bab-LKKC9_c;v0NQvRnXG5s;TixycmKn0O8;;;
2025-09-22;;Hj50kXGU_0U;;MGoE-_ot9do;;;
2025-09-21;;DDMAQU2_SD0;XAnrUVLIC90;uzgWswNN5So;uQSnqmOH2fk;;
2025-09-20;;AwyavWdZsj4;h2Zcw8sRfk8;HugiwCc62zg;xFwv0O3expk;;
2025-09-19;;SH4mIESVSl4;_ZXtqKHqj0s;y9WGRezA_Ig;zCX6eeYwcZA;;
2025-09-18;;kQ-YpFw_Ypk;sIbz8w7sUhM;tiG1WCgDdpI;;;
2025-09-17;;hWxVKWbmcKk;VIjlRrT6jjA;DNvDArxiwRg;;;
2025-09-16;;waIXK3pab7g;57G-SmFgYiA;OHGa5lKVwLw;dABU1x-SLnw;;
2025-09-15;;KciDMJMfk3g;ZW2FM76gY54;dw19Ok2w54E;;;
2025-09-14;;FA4GXWPD_dI;ZkAnwiRVuYc;eR09Y21a3gI;;;
2025-09-13;;ORCKs25xejw;unDgZvgeyqI;vrlFGBDNTeE;5jthd-UABU4;;
2025-09-12;;;pG9JbLYXTGI;AYo4zdQZ-5U;s5DrEkSShDY;;
2025-09-11;;;v5gylyVJehU;qfDu2Ma2_eI;;;
2025-09-10;;O3ZltUNWeRE;JWR01v2lOZA;cQdZlaVoUj8;5gqE_hy9EfM;;
2025-09-09;;5YRhLithbOA;7Hz4oWTCCB4;vJ4V1KVTDZE;;;
2025-09-08;;lt1naEIymJ8;3A4L2DhAwCA;kFf6n0HGOlA;;;
2025-09-07;;;03P19lJvSSQ;_rPaediemdY;;;
2025-09-06;;pSd3Wgwu5Zo;W7HrWU5EFyU;z9dL7ctTEug;;;
2025-09-05;;thA0T6rM5gw;nY0HFrla1Q8;2Dsrf4A9T-g;;;
2025-09-04;;ZvG-AaBIspw;3b0sof_NHk4;5afa4zwG068;na4K-Id1qPw;;
2025-09-03;;rkHPoXvL-4I;O4jAglhZtpE;9scpiE47jjg;ng9mTeHONrc;;
2025-09-02;;_0-fIGT2daU;fsoj2WheZCE;KFF5KwiSECU;;;
2025-09-01;;yBM4l-Ljo64;h3qlMsgJu_Y;rvAO7HUiadM;;;
2025-08-31;;iYw7iyaEME4;tiGyFlugZGE;PlNjI4g1eeM;ynoWR-6uQXg;;
2025-08-30;;wbqSlxbheNw;CHmXBr4O_Mw;8wv7nWN-5gM;AL9PyhAnR0o;;
2025-08-29;;8mG8UT1wUrE;imtJvWP3P0c;Y0eEAGfIZfE;rsdPXXDknFo;;
2025-08-28;;XIqY_5gks_I;tEwJOoEP-fk;RcKf9j5GUSo;hBzU9B5bK-s;;
2025-08-27;CUYpLxrqdJQ;U48jxmd51GQ;9d0BBeD5RMc;OoZmnpGEY1U;X9f0RbKgk-I;;
2025-08-26;;_bbRiL6pBXA;R3L-SEywB6g;Pzw7OpzA6s4;CjbZXLIsCLY;;
2025-08-25;0uaMT6OWTCs;eZ_TGEEKzZo;1pmbAdo1Jls;s1CKYC0y1Fs;;;
2025-08-24;mt8eTR4KugU;_o12kehsJA8;_tlNDOrXIDQ;C1p7LTo-Z4o;Wnm_u_Cnox4;;
2025-08-23;ABo1ZmtONxQ;7_c5s_PsaLw;GMuptM-wVqk;O3faeD5N0uI;;;
2025-08-22;2QBR6OA1j_k;Lz6LRDoyCkM;BjS5ajlkY4Y;m_8Y5KFeiGk;;;
2025-08-21;izL3-0MlAK8;Qt8vXLZEkMI;Y4vIRoQ6bGE;EMq5qqQ-g8Y;;;
2025-08-20;urL8FU_7K_g;V0k-J6WgGyI;dSPLmiE4dNU;wb2tK3l4R_c;;;
2025-08-19;kCPma8WwgWg;813dW3ro7Nc;sPT0iV_1zlI;M4lMy2NU56I;;;
2025-08-18;mt4Tm1yfy24;WHdjKeG6gKM;TCi0zc91NxI;CT_5zCsgcWM;;;
2025-08-17;8sky9nbbgQA;IHn3x-1Z0_k;hWJWhId3AUE;-2mjnmi29SY;;;
2025-08-16;wADQhg9JuYc;;4rQ2jeFjCMM;QnxoGp1DV-Y;;;
2025-08-15;xZP3lNLCXN0;AgEauzjMk7c;xFuI11v31KM;lYruepg3tMs;;;
2025-08-14;i5yHnAcc6KA;s3s_2oWlXec;xcV9Krr8uvI;hRm0lrQgo6Y;VuuQ2-IFSig;;
2025-08-13;8V-gh_0UCzE;0CkJjIZsEz8;FRzipTWYSGU;9j5Vaiihr1M;bU6oyUOQWOg;;
2025-08-12;G4H0V0W6cEM;s5DkosDeTv0;Vf64ChBEVgE;KYr4-h1uWTg;;;
2025-08-11;7F9vDtR1NIk;;7rShaHjTLMM;3d0fHi11CFI;;;
2025-08-10;ag43FrOrmgo;;IuggwvdgqpQ;uoh9Ib9f680;;;
2025-08-09;tluiSyh2xLg;;HEgsF9EPBy0;MWRLtZW9CJA;;;
2025-08-08;;;5H5lqJNGp7w;_AaebSFxVlo;6S_0yokRBXM;;
2025-08-07;;Kr5aEq67ygE;EnEuAGe48X0;sPkcsufZty4;OVNsH9ZsT6M;;
2025-08-06;;f_eAJTRO6hY;cgENzeJcQwY;PvGMLhPgKGI;yWIktof5QEQ;;
2025-08-05;;VTxL5T7BhW4;9LL642CvaDA;q98iG8aKj4k;clJZ3u2Eams;;
2025-08-04;;VI0LEwwuk_o;c63YJmnYwK0;zlJ9TB77Z8M;;;
2025-08-03;;MKsfmGkUB3k;P477ZaTjolM;;;;
2025-08-02;;upzKSbzmEcc;IUoYeJkUfuA;9_5rIPjHtp0;;;
2025-08-01;;mklz4-ejGP0;i9Z4M36i95Y;p8tKtTdoUkc;;;
2025-07-31;;kYVYCGP93dE;OQrRCPsM-ow;wFMKO_v0yAQ;;;
2025-07-30;;ImOtgX_0FaA;-mV2vCqrefA;7b_OHsYUbUQ;;;
2025-07-29;;;0wj-w38d2Zc;p_oXjL8nkBM;;;
2025-07-28;;jWFcZFShBXw;9PIdDSYWSg8;bI9FVKcokmc;;;
2025-07-27;;yXbWq_-C0Sw;pgDux-sUhhw;d8FNpzwuTvE;;;
2025-07-26;;0o6zKJ3ufhY;_ax_VFkFEEA;oYcMXjA_5pg;;;
2025-07-25;;;8vlJARz_LEs;iiRLbO_Iqd4;;;
2025-07-24;;;rzKAUcp16v0;8VKCvR2tANg;;;
2025-07-23;;;F8dg9HLiXF4;STOL-usmvoA;;;
2025-07-22;;;yG-1Tt8WYls;JjXuO-7qCdw;;;
2025-07-21;;G9bB8ZOKaJs;4ygFyjyoXPg;AIw6dTc8K7o;;;
2025-07-20;;;VEXX6WGBg8c;B8F_FY7iv7M;;;
2025-07-19;;w2YqJOzGqZY;eLSb7xtmSE8;sFUU4ovUiQ4;;;
2025-07-18;;ZNEPZiDYLS8;rZczMQOo1XE;p3vf_NZNQPo;;;
2025-07-17;;XolaRuXAOTY;raqgC4-s-ZM;PiRaHspc4dA;;;
2025-07-16;;M0Hci-af2So;bcI9-Rrj-Jo;n1ObU-wKJLc;;;
2025-07-15;;0ikdKoVgmew;q07w1AMLLDI;DWKZ61dm2mQ;;;
2025-07-14;;FGnOD_309iE;pwp5b56TU1I;YSWUVFWplAs;;;
2025-07-13;;_2EDwg5Gjjo;qd1JuE4SKVI;TA4nEvuMvj0;IfbaLgrOl30;;
2025-07-12;;1Y1SvN6zZG8;8qs_KcOoO4U;IifgpJmrxQ4;i6wnjEVkyaU;;
2025-07-11;;tKHQrqYDydE;lMkIu7F8Pkk;BZHhP7WfVEM;;;
2025-07-10;;AYX2XndNXcY;8XQL5Y6dF3o;paSNRI_bdzo;;;
2025-07-09;;YGIxxqS4OcI;qxDc9M8Fi3k;Ru80dYCY47U;;;
2025-07-08;;HEkG_F1O3M8;zdYrJ457Bgs;mXFPLx_Kjvg;;;
2025-07-07;;a-5G5vvykxw;NGMPealgCt0;OZUXAIoAaq8;;;
2025-07-06;;4ZjaDOtkeuE;OJUbcEfSvGQ;CscWCmyDhbc;;;
2025-07-05;;_L6dAVdmj3U;0OQd4x0NC_8;RnBEil8iQlE;;;
2025-07-04;;XkesFhpF4Ds;bdf12RB_4DU;WhwtRHWIwj4;;;
2025-07-03;;JXXvBcnwIjI;Cu8Av3y2BF0;dBNfXb6DyEs;;;
2025-07-02;;bscsYw8Z158;229FHruiYHY;Io2a8jP-nbA;;;
2025-07-01;;GPnq9-sYVqM;wlGl_IDOi0c;FxLMjBlaiI8;;;
2025-06-30;;d0dUH0hVbGQ;3RZia1p4XAE;od-w5lIGJ20;;;
2025-06-29;;sRDD6-T-IBw;HcdFZabuf40;Rbi2BcqEsio;;;
2025-06-28;;UMqbHOr82W0;mg197Oe3yQs;EUctaGcYnow;Cf2_PJwQQ0k;;
2025-06-27;;cthlpL_Z6dk;pX_17KCsyCk;lx7kFmkBPI8;;;
2025-06-26;;VEDsXKbhstA;BK00gidLjtY;pHSP_-qiS_8;;;
2025-06-25;;vFDpMxbc-kI;YDU59Lnj254;fGKVSLH4BVE;Thcj85oba3g;;
2025-06-24;;RprNg8a8Ehs;-MnhlITEm8g;673QVE_9SxA;xyb0dsAX0GQ;;
2025-06-23;;biT0_U_jhHs;JXY8fNIpJBQ;_bEvbNIgvXM;SbgM92K0kRE;;
2025-06-22;;LrX_nz9wN88;IZsnv5Oh8_Q;_BVi1vK5ils;Ift5lR4JD64;;
2025-06-21;;C_o4Tk0v_IU;fgJCAL7I1HU;Tvkv76r8D5M;Gp6-1EcjoOM;;
2025-06-20;;2i8qTqsIRPI;naqHnbMS4Qo;dGDMPtS90Qo;;;
2025-06-19;;syFZmtBAQBs;VD8bbmIRGWM;c2Y7s5-1ouw;;;
2025-06-18;;aIrUAd3Djnw;scV_gY97XPM;BAmJ2hTMn5c;r_ch4N72Xl8;;
2025-06-17;;e9FBsxBQ4as;OQqAEofH47I;Gd74pi0M2_Y;RCXXN7TqjqY;;
2025-06-16;;;WmPktRZJ9ig;lPRsnGO2IV4;PFtiyX5W9xE;;
2025-06-15;;b1Dn627IhB8;k1TsUnKgnsY;Zsc9Y1PcMfQ;6hqjXF-v4Bg;;
2025-06-14;;vZKsuIHeZr8;zql2nXx8e2w;FgwT5XMPztU;TJA_Q1nBMvs;;
2025-06-13;;Bw5IPIatLXI;-d4fPr8lH8o;-WaGooS03xE;ffzxrOp5s_c;;
2025-06-12;;lZth_AHK8UI;jLLmWgD6A1k;6zDGJRoP_eA;lCbSTIMzwS8;;
2025-06-11;;zk3TKVte17Y;SvWH38Caw64;N0FqglEDnTw;8JPLTaQuX94;;
2025-06-10;;EGP1TmymclQ;2PQmNzdtEX8;5Ssc-bzHyzY;I5PpDEYh_t4;;
2025-06-09;;6uauggf9KYo;pCNz9PG9ewY;XZCpkVjcI9s;;;
2025-06-08;;3AwA7z2JkHU;h2QAjPwn9Lc;_Ny-5tFbgDo;23C1I3ZND4c;;
2025-06-07;;EV-bzzvSx68;OgmIuSmIgdU;5bPQ9Gln5kw;guLwYfCLmUs;;
2025-06-06;;sS22idVRhS0;yUbcrL0WBU0;p77LEVtkv4E;;;
2025-06-05;;LkX33VDQvLQ;MV8dK5cO7dI;FP4wk1ISJzc;2838C58tAN0;;
2025-06-04;;QaP6N19B5ZU;JgP43vnGcxA;Ph4r1S6r6yA;;;
2025-06-03;;JPtGke71Dp8;wIbhkhqTmjo;Kr_5_-rJCDo;KrPfRPplZa4;;
2025-06-02;;;13nzuPBIsZE;bkmiAWSt9t8;;;
2025-06-01;;0GmFY9TOTto;HXTuDEEjZeY;T6JYEZ6NPCg;;;
2025-05-31;;zogTsfstEiQ;L6XJ1YG2-fc;adC7kPKAa_Q;;;
2025-05-30;;xoXojiJY9C8;hFzu1JHKmQw;yZ6Hd8UGGww;aCU8TDiCG54;;
2025-05-29;;057ALASCsnw;lTA2kUVsl1s;gdfEkBLa6W8;QiXlJv6nDL0;;
2025-05-28;;rBi-G2BNy08;Hg_ae1yIuik;7qvpdkyuTQA;kOXNQu8OY2w;;
2025-05-27;;3QdZ05ssquU;BjAO5thVzi4;jQb2vM840so;;;
2025-05-26;;Rf7SHsTZAkI;lhY3TTg3RBk;Nlatnjry8fg;EcJXhxXgnXI;;
2025-05-25;;_iSZMCIZ3tU;IJ597J7Bm2M;GFKyr5KMfYs;pPU-3B2500Y;;
2025-05-24;;WWH2yN691EA;T4Lhcz8GZGQ;wIJekhhrVvA;;;
2025-05-23;;KM3eUPWll78;joD1_KX14YU;PJxP0FCGyG4;FnSByCL6NSQ;;
2025-05-22;;LoRigoaFO_o;5aT0_KSTKZo;ie_vLUAhVAs;;;
2025-05-21;;83Xzk2OpD-8;fhLR1fUHDE4;ZDWurGqQQJw;n-6vqZtaSOg;;
2025-05-20;;8WBjBHvPGio;MHB0Ym0_k1I;lh7d5aPhDAs;lRBGEDMAYvI;;
2025-05-19;;rdEXUQMLBWI;S9JhPaitS0E;Ua5G7u3aqTg;0IgbVYaWPjo;;
2025-05-18;ZFTtRg-VXLE;kS1AAH78h1k;Or1JjsIXuBU;CrVx_9aAt4U;;;
2025-05-17;;;GysLgqF4YAc;bQUg9nCJF0o;;;
2025-05-16;;EzMsvKGGfmM;pIuOOUgci5U;qhF5Hg1pBfE;8xtQ7e8vUIs;;
2025-05-15;;9bJLUFo_GPY;fKkKN--4cY4;o3KUzATeTYA;OwAGXZBV7Ro;;
2025-05-14;;hlp2s0U4Qds;nAZSsQgWq-0;ZsB9rXUffnU;tD4jZN0Kl_w;;
2025-05-13;;IUhpWxAYbJs;8wznMi8zO9E;anqzdt1J-vA;qPPlU8ONBbQ;;
2025-05-12;;cwUi09YWSCk;0cDY85BPGUs;vPoJUtj9v6o;;;
2025-05-11;;erAolN0b7Tw;9eNO6ZaGGNw;t_RU7hNG0V8;;;
2025-05-10;;CI8AiE9O0tM;I9elMaxf968;rwweNgXjjOI;JqdPzcSg1hQ;;
2025-05-09;;-fjszh4TxcM;VPTYuT6_Z8k;twegAnFVjEk;j_ULChy3gcE;;
2025-05-08;;VIYOlQnvO5U;cbM2myOayTk;encyY-oglgQ;oL0KL7A9phk;;
2025-05-07;;Xpl9QTxvL3Y;uVJJVyhEIME;TFMA8I00Owg;;;
2025-05-06;;OIC5rpjhuiA;muNT_n1S-58;ADFlLHuOE6M;;;
2025-05-05;2Drv1yZeSWE;7d3rXtVfDuQ;ji5-ZI4wTZM;VL0hP9-1QKg;;;
2025-05-04;SSfEswJ0n7s;ID13tuxm3W4;aob88dumRys;;KjAkfVRkIQI;;
2025-05-03;VfWA-9Zf854;k7rI8MNDoiQ;pbAy5CrGBHk;QVZzTg20tr4;nnsTZ5FUeRg;;
2025-05-02;eDWcrB-qDFU;7OVN6g50i6U;xXtoZP_ovWc;D6GSy5UBULk;emTluLx9w0c;;
2025-05-01;Z6RFp9v1akM;d4oiBJfvh3Q;NTkCJeVckSQ;8OIgoz8Txuk;yJUIiw52t_M;;
2025-04-30;UEWTl7zRMZ0;;OooDubAtNoM;7_sIjcwGJxY;kNAcjwE_1kQ;;
2025-04-29;V9frIpZDtpE;Zb3zqabQ0jQ;ikVFssPkrc0;ga1TFPeG3lQ;;;
2025-04-28;ho7HhXOBsyo;;BepSSzdXvw4;D0VWhrYN8WY;;;
2025-04-27;Rf2Gn8Ux1Xk;VewOSIaY5gE;l2-JLAEJc5U;_YxYu9OLXvs;;;
2025-04-26;1LaDKhJKx38;_vIqgvSVUG8;SPnTsvI1Zwc;srWu1PrXDm8;;;
2025-04-25;;4bsxXGCseXs;Ghp1DBGMuPk;KM0trebxDUA;;;
2025-04-24;;iYEuBHBnmRg;hAHiaDs7IAE;HZU6H80MBa0;;;
2025-04-23;;pEVUMOxhowI;6vewufTGD9A;EHLKcrM07Us;;;
2025-04-22;;;SsUxA-l6huQ;W71NvZkg5OM;;;
2025-04-21;;QZ_aVQWin68;_z1z8JB7vgo;1zcnpGtRqNc;;;
2025-04-20;yqoxzrbQMC4;Er_578u6A40;pw6bifoLsfU;ub_B-0y2pqc;;;
2025-04-19;t8wCuXS_8vw;;e66e1XQL9_o;hABYJjpDZUk;jP5DHGhF58o;;
2025-04-18;0cxlDXWw2sE;;ZAfjxAAip0Y;yTleGVr42HI;DCBXG7EZDos;;
2025-04-17;iKT1IgYlqrw;-tBQk1_5KkQ;A7VPPQeAuWw;Uh3D72trFOY;TA6uBn3jobA;;
2025-04-16;;;rwVasDtE5Cc;uu8tDtzm0uM;;;
2025-04-15;;;mc9JvAteNI0;p9vgdfXk2sE;6sEUSuSEvrM;;
2025-04-14;4pOME9nEb-8;;Vkd88Zi5BuU;RGbZj_2TADQ;;;
2025-04-13;__iTIrWKTCY;;MPN-Ftr7Q6I;aEBvPiqroX4;N-QUKjOY-ag;;
2025-04-12;MzDaaNvlVhI;;i9JUXHIuXvU;JvdhNym3jmY;pkBWeBj_Sx4;;
2025-04-11;ByfAZzOlevE;miPyQhw_t68;rTpcvLu-tM4;tY8YrSsaEaw;n7yrIT9ywss;;
2025-04-10;gPNHMH0zn-s;TxKjFfEPa_Y;FWZ7JYMuMWM;hscBc-b7TWU;;;
2025-04-09;9bxlW5IFlEM;;nWqk8oLbf1Y;NZ1nibhsN-M;;;
2025-04-08;VopB55zsTwY;qNyulB0GQpY;SXEWdcoT6q4;rYdADcsojIY;;;
2025-04-07;QCmRUaB_uUo;arNcJlIDxvo;r0ji0zLXBEY;npMgoLH3pek;;;
2025-04-06;MQVsz6SUl5Y;njV_kezVKrM;Alz7VSm91qw;ZoM2QvJZHNM;;;
2025-04-05;PJbGBPCM_Wc;;eLYGJYEe9Jo;gBpGdMLAbIA;;;
2025-04-04;lfnXGWPhLyQ;7E4K7wKfrNY;MAbQqHXz2yI;JkhHx6zYSFc;kZB3fy6Z9l8;;
2025-04-03;gUImuIIJSok;wIQ0oFQy8CI;-648vR5UFNE;uXw55L2RhU8;KGia6L6XQQg;;
2025-04-02;MRL2JyaORQQ;hTeMLZisbvY;4u1O1OKWYgI;CQbQTRPvyfQ;v7CH8hqNexQ;;
2025-04-01;RUDlJY7LQZ4;KpannI8Stc8;bRLAoSipwEE;22EFrzuAXs8;KiFAtGI_leQ;;
2025-03-31;6aakzfwdz_A;;X8r6Tp4AnQg;b9DqLzHhijU;vnwuD4N1Joo;;
2025-03-30;kUVaYHS3qxQ;aUFuV6KRePg;TCZdanZsNDw;v7fwNtbPywU;;;
2025-03-29;3DcmQ1BrMJw;4GqjRhRiSI0;zqrVeWQFRJk;o3Fc3kyPsiA;;;
2025-03-28;;oeP1mGoDd5E;iMUZ-hDlueA;0KWu1bLtNt0;;;
2025-03-27;Nfj0YxBQ8Tg;;lAwBOxbT6Rk;UBUBBerfc9Y;5h7HnxLnKfg;;
2025-03-26;;9pkyZh8RYns;JFOUdPFoCuY;M8nx3lwgSZg;h1pnSH3xGnc;;
2025-03-25;yHk_Qqxf-UQ;;sQka454Xmqc;pcwKIXdNQIc;pQP003RDK9E;;
2025-03-24;;flyZRfB5VEs;UeiEh7rvRAc;waQr040Z4S8;;;
2025-03-23;-AiwaIVdPzs;Jv9SIKwLcO0;MujgaZFzNkA;lIfaOPu024I;t3pFp3z6fbw;;
2025-03-22;t5UaGrJ63z4;MD9pbSXe4fo;Sxxku2wAQ0w;-Iw13Lh67XE;w3ku-GPB1ZU;;
2025-03-21;59AqDbmWuXY;qcxIdsEVb8A;SEELnfHTc8c;VOX3oQ0He0U;;;
2025-03-20;CIU-wdDhHEM;f9CzkP2edLg;sdfSebNccKU;ajpzBolT8sE;BKBFsmoeIj4;;
2025-03-19;pmjX4_HM7OY;k7IkYwR3Tt0;5QOj_xerQco;eYw9sMJyEzA;6WuOgYB-TaM;;
2025-03-18;5iCNaLXm9Z4;_IkYadTYF14;KNZVaAp4Ieg;G5iY7itdQvY;3tLPji-CBsc;;
2025-03-17;HxYQQ0vS9Z4;f-RgdyBkJqo;ahXKUw9Qx7M;osM_HPkrajg;;;
2025-03-16;7aGoYfEBkgM;;qeExzCy1r4s;gOc_nq7Twwc;B9OjBfCbXx4;;
2025-03-15;8e2jyOq5-3U;RdbjU2ebuHA;BRaX6qvnqxY;pfjs3lkZS1s;-nqYhoT6j_g;;
2025-03-14;Nnm4Aegqo-E;Opn7zjQ3ZY4;Sv6FVOonl-w;64_MPtBRdR8;cly806IDXJY;;
2025-03-13;OqS84sWlO80;VWFAks6rfvU;1RKaptLThNc;kiPTFGV3pO4;7d6qCUaKCtk;;
2025-03-12;XqaFHQdsXyI;di8-jCjTzHA;tq-3CmLzU-4;99fA7TWZHvQ;jcQpTIPAFrA;;
2025-03-11;41XBJmA1cmQ;nSAVgG4heqw;dbNx61gcEP4;DvEgPGy74XI;vEAcHSsPoFI;;
2025-03-10;ehVvpBZn_m8;T7UU9TWPzYU;dh6AxFbQhKQ;5GqoFDg5BWo;;;
2025-03-09;u7qkOLn1CJw;D5G1f_LiBGI;r8oGzH0jabE;7k4xWtz6QGc;RHhWEhzHqeg;;
2025-03-08;keRa5R5CTps;v_kYIOnWhT4;7JrXRd-hXbo;A_AIJ6KjAlg;;;
2025-03-07;4X1GPEVV4Hg;jHNzcIxtw_o;UXfWOEQoMJo;Xrqyb8_HQnw;;;
2025-03-06;stMuHO2HfKQ;;JL4wp1KuojU;cCwKtJoVxGI;;;
2025-03-05;5aDcfMznMNI;F2_oRoowhlc;s9NAhRsu7fA;G9R77A0175k;_917gV9EYiU;;
2025-03-04;ZGGkG8wKn80;eREOGIdKQLc;UqDi-D3SXhM;kngG_omBVHI;88uG1U1zQ4M;;
2025-03-03;IEYuUNH2m7M;jIKW2X8Bb38;4uNMhTn9s2s;rxz6-GHG1tw;;;
2025-03-02;DvaPNLE3KC4;7QUHDOEXJLA;wwPsnPRgClE;spnaFtu1VG4;eWyhab3KMtI;;
2025-03-01;U1zQUWbSRjE;zxO8z6T0j5Q;Dqkr-IcMjUQ;OSD0koaDyi0;tfCS09al000;;
2025-02-28;frMkMuxn_go;zMsdoKzqf6A;4YTo0xuJxhU;UYjFbsanQsw;FeSsya8fJBw;;
2025-02-27;p3l6d1D53jY;RvWMV8xMxhM;roAPSDTYZZs;X15q4GKZndQ;;;
2025-02-26;dxb0-kEq680;NZKAM23gsBs;U0kajbEKoQo;BCgW-LRgVNo;F4xq95QtGfk;;
2025-02-25;Jo65l3b3fGk;bwQaCA5aTFM;1UeMfwrNlyc;eF70zE7SJkw;omADwqtHORA;;
2025-02-24;Lua9lT5Er2g;fCUwUd65m2o;mbHSRJwAIMQ;yedtoqe0Wco;Ris82Lyi1s8;;
2025-02-23;i7ljKGlF3dE;PfoTFNb_pxQ;hWJ6Dr_kPIM;flDUe_l2OPA;;;
2025-02-22;Q2l01TcnMxM;xAEUd1B4arc;mRYYHqGU970;Tx5E9NWDrR0;;;
2025-02-21;c4tnD40sZQo;BSx3lBgU9-c;eKu3piNCYnQ;Tn1OC7ELa8c;;;
2025-02-20;AtMLY7GwMRE;eUT1eUQ2074;2GuRpSFxKzI;ocDDnIda4YA;3Dc1deWSs7M;;
2025-02-19;qH9hd7rXf7k;6UWPD6Z0ynU;FCI-Qb3HnBI;yERVn5u0VyI;uialThD0Sps;;
2025-02-18;kQUF9qChP6A;1v4cOVFmW6M;;PAvnvzsDEW8;8_nJcrunskA;;
2025-02-17;DqJThWtifc8;uMReUcJM5co;;xZEfIUXYwlE;;;
2025-02-16;pHRN1rJ0WqQ;tsxVZDDoBc8;;2KOYCALPVmI;;;
2025-02-15;r689K_olx_8;qqPosMvVXJI;;mCgEOWLiCxA;;;
2025-02-14;jHk7sk0NaaM;jpQLL5mS3xM;;UlTRTETz6aE;yZbFaJGnQ24;;
2025-02-13;veyBEjbzfhU;UG79WKa2WPM;;CmNWmnMxhs0;BCe8R51Zoyc;;
2025-02-12;kzYX_969ESE;xd4iFF6L4qA;;AObk5sQT2SA;;;
2025-02-11;_2XMNy66gjY;ktpdjNGFSM8;Pz-IzKqCnNA;xrVcS9vmjR8;YzlsyI-Tj0g;;
2025-02-10;cV_qUBSFPps;v9qFRDAJhgk;O2lnoaEOkXs;xOeZB_8NkGg;8rsm4N3O-Qw;;
2025-02-09;6TZZcgrB010;ETtGzml0W2Y;ZTIO8edhvX4;3KgnS-hILKI;55l0Z7eQjY0;;
2025-02-08;LZv3UnpLs7o;UBdwBYsrnVI;SQYS8rvyAio;TLYpivbYp2w;lLcfRsZb624;;
2025-02-07;JPZLO-ladac;O1q5ywFyUes;TmU0V7-ecgQ;yPtZKKy18I4;siuY-QiDDxk;;
2025-02-06;Ju-KnnmtbMo;nE50g7Fkajc;h5DnhK4nsFE;H4eEhunVtno;m0uDY0INUSQ;;
2025-02-05;VRjCCie-wIc;s6_gXxgAZ7s;lHAUPt7Ptbc;TwE9kJs6oa0;;;
2025-02-04;ZhMyhWjoeaQ;50aHrMoBqbE;c9zFExE-I5w;nji2OQlu8fI;9oEDmpt0-VA;;
2025-02-03;6m0ygP8hpnc;xhEFirQa9_Y;i93B9HoKHc4;9q_025Kuyro;oDiaZ1Tpr48;;
2025-02-02;yUBeOvthycA;snv2yoXDb4o;CbVJllHdqAk;MfQja_cPc6g;L1QFBO3PFJw;;
2025-02-01;AToiEX6zBtY;xRp4Fe4GmVA;OUiBeqwCnRc;AwNK-oxbIx0;0qADP1FbgTU;;
2025-01-31;ybTUqMTmG6A;jmpbCmnueZA;4ZLUx-jfo0Y;dHnfxLPPQ3U;qTOZio3EE80;;
2025-01-30;eJEdtWTF01g;e9yG3G2mk08;yiF4B-M3q4A;C-5HZYAQJNk;2X6Zh9LKORI;;
2025-01-29;1GnCYYYTrhM;5MOdITlpb-c;vws91AYBP1A;xN-SyaNOBX4;N5oKHyUYqBs;;
2025-01-28;7_7PpbxIwsg;ULJZyZyfF7k;Li3_dDrdSbw;RnV6-AJJWL8;8p_h54lK00k;;
2025-01-27;JdmIWNDbmKY;l5MMe9WjmVE;XLsCz2XM8uw;T4tK9UlRJ1U;;;
2025-01-26;Hwe3KHEwpYk;tv0-aez9PDE;3i4IoWncdjI;QpaPKfbwqgY;;;
2025-01-25;-9IxuU82zbM;kJNHOWoMaWQ;LxDbQ5PsFd0;raQkNi7xbb4;;;
2025-01-24;;w1yxCC4eHic;t8wF6-qG45w;YuWrIU-z7Zw;;;
2025-01-23;;CoC1hpTL7NE;T-AtLAg8H6k;nKpKZJZHs1c;uSbKdsI-_po;;
2025-01-22;;QJ5zYplr1NE;69Pmt6qNsho;moLr9NmO1ac;Sc1fIyvQKiI;;
2025-01-21;;2VU2iUJYtII;QP5UzEzLmp0;PB8NaynxDuc;dxrPYNz9y3U;;
2025-01-20;;rvcPGpHOHng;96QNzCZrTLU;VI8GXIfj-xg;;;
2025-01-19;;lMox15xm5v0;wRNLZxOWvlo;bAXzFXLzViE;8_npFPJpA6o;;
2025-01-18;;kI6EqYb0law;s5ZFdH8BU9Y;aV2-dKLXxCo;roSOAYEA7LU;;
2025-01-17;;UD3tyQGn3Ks;MJh3784N6MI;o2Y_DsTVN1A;RspBoZEJxV4;;
2025-01-16;;gtF0YvpN5ac;I4laKwJwf9M;I0XDlrY_OO4;fTA2VdrV_ig;;
2025-01-15;;w9WwOTjH4_k;H06wXTCxmFk;26-TrdfEp-M;KPM2w45QwFQ;;
2025-01-14;;Tc9dRqX017I;MrUJAAXrx7g;zfQeOPtnLSI;yduTyLQHms4;;
2025-01-13;;BAolpOSJOAs;Pm7SQtWZU1w;p0GZvDQVL_E;;;
2025-01-12;;mEUJYJgwCwQ;;7Bf3ICBNEFs;zeKRElPaPxM;;
2025-01-11;;rIj8g08IPCA;;UT3mRBvNw1A;wMy3wdT5kgU;;
2025-01-10;;;;O_mPlzH-EGc;_6p2904F3zw;;
2025-01-09;;cJ6fPQ9sqgI;;NNZFE7M5ODA;;;
2025-01-08;;roBqyC7MgGw;;8vEn8ESX-ZA;Tj0EVGSXDCk;;
2025-01-07;;q2LCWwS4qzE;;hWPl04yEhAQ;Mm98Wm58K1w;;
2025-01-06;;Yoe0YmNXuFg;;oy4HdTxph0k;7OQCaZKL1hc;;
2025-01-05;;dU5MGuXWtdk;;DmeHo7_glZY;7KyccxK2LaI;;
2025-01-04;;3KnjqVZguBo;;6vig3nwmPhY;RhLlbIeBSmo;;
2025-01-03;;FwUkkO84T7c;;FCBBoeQq3Cg;diMfunBdAO8;;
2025-01-02;;8vNOE0aH7b4;;iPID3_8bXV4;UZEW4w4SsFg;;
2025-01-01;;cFvhq5Z3ASE;;WNihFKaxR0Q;NvK8SYQvJiY;;
2024-21-24;;;;;TKgYw2LKZwI;;
2024-12-31;;hDPoRYfxHR4;;rmROFyhozkk;cMiQ022MUzY;;
2024-12-30;;fvzGQiaM7mQ;;lhJyMw1G7Uo;58R5_dUFyl8;;
2024-12-29;;pGmsFZPJUUs;;70w1dScav60;Or0XqrqpndU;;
2024-12-28;;Pn26DvjRK_k;;7wL3icTGK0M;zJ4WoQJKB8U;;
2024-12-27;;K1ShJyguiCo;;bJ3CAh-YtMg;4OuL5m3BhMY;;
2024-12-26;;An0pHjzdVZc;;g1syk7QsDUo;pD-nUrzpvHY;;
2024-12-25;;Om3yqEYNC0o;;T9NmkpK4HcA;C7VV_xcWM4M;;
2024-12-24;;UZ1LczaNVEY;;jMwFbHALAG4;P5L6-w6lwqM;;
2024-12-23;;C0hdGez9z_8;;0nffpSXgbII;6Abskd8Bku4;;
2024-12-22;;K1VKSOJKnjs;;t4fNTYgq_Iw;rDt9pWe93r4;;
2024-12-21;;nsdegs32H7U;;g_dwC8qU0QQ;_JKBr9qzskY;;
2024-12-20;;F4NQL79YSnY;Eyul5AMzyx8;f0o9ldnW0mI;;;
2024-12-19;;uXTOvTKtpdg;wLD3frB7MHg;B9bnQCt248U;0R_1X-_kM1Y;;
2024-12-18;;kCpxFJ6ssPg;XVymYwaybFM;PkpRJHJTFh4;;;
2024-12-17;;ScSAMaKQqOk;afnfRSelStc;4MpZ_VUSb2M;;;
2024-12-16;;MzIPclrPnXU;Wd_Wq19ajb8;h079lVOzQuI;;;
2024-12-15;;zoU_kAZGyi0;5WEq7uXiKPo;7CGiZvDRom8;NOLkSSmNpGQ;;
2024-12-14;;JqmGRVfxKgk;taj4H0Kff3A;wravR87QotI;F2XNnbU_lBo;;
2024-12-13;;I4EmRXm-Xq0;iAEJ4rBTwao;doQb_XUyi0Q;colS3wzNgwc;;
2024-12-12;;jvScPXzlNCs;MN-r0p1xWic;OuQ8innaF1g;09ER4RaHRSU;;
2024-12-11;;GRrhJW18UVY;0Mk6TMVasxw;5wK6wZ3fukw;lqYlsFYYV-4;;
2024-12-10;;T-XFckrDqk0;wofVFwxlkGA;8KFdsSoza6Q;;;
2024-12-09;;oeIegDokQr0;d82LGYCbn7s;CQd0EWmSBDc;;;
2024-12-08;;8_bf0Xqu-G8;Jr_g7uFt83s;Qwg-CGEorjA;;;
2024-12-07;;9r1g6beQ2X0;Ru16Ilk3oG0;CFjgxwOmPn8;;;
2024-12-06;;;;ua7xNl-sgTQ;;;
2024-12-05;;;GGjLioJlKMc;vGYUyRR2oOk;;;
2024-12-04;;OuTBbG9zbf4;0heWwhKbd_E;sp8_jMukQyU;;;
2024-12-03;;CxfpEAfjvI0;0yKtxq8Cu0c;bTfZlfhtS3c;;;
2024-12-02;;LqLvFoCO5vg;H4wUErSmMoQ;FrOXai27mus;;;
2024-12-01;;lBx2accT0Hg;FXH6VZYEFwM;BqctHSFBS-M;kBvvzIvva4I;;
2024-11-30;;-5XERIEZLrE;M1vEK9J57Ys;awrgv-sZfRA;;;
2024-11-29;;iJqVBL8oq44;T0UC0aGPfPs;cs9gFSas2p8;V6S4EFkjhtM;;
2024-11-28;;0LLikN6o1ds;Cp9GVDxbtq8;_0WDdgepGLU;MDAO7b2Jo68;;
2024-11-27;;YeJ5FXCwjhs;5CR2XpDmPcc;ZEgWNudgBC4;hT8vhE36a8M;;
2024-11-26;;MhONK7PXVQY;;JwwfaWAuUnU;;;
2024-11-25;;BC-p6-Nn10g;WNMAhpwiCwY;r0Wp6cvm454;;;
2024-11-24;;d3d4no_5aOM;A2Fbult3DHM;2v_OyOCzOiw;;;
2024-11-23;;9Z5xpV5acio;lCW6tx3v_gA;VrN2ZQxspes;;;
2024-11-22;;i9tHMpeQrek;C0RP0v4TwqA;1tA-s0ST77w;;;
2024-11-21;;IXnmSlwAymc;BOp4igbAMJg;ULVvm9gus5k;;;
2024-11-20;;;OFUsWmpl9hk;qbol88gFxjI;VTq1VsJhCm0;;
2024-11-19;;;nlQ5GRM-ZZ4;4r_u-9O5L8o;p8hrNJWnlIw;;
2024-11-18;;;bz0aFrdeXsA;fWJt3DC88TA;;;
2024-11-17;;;W1W8fQkscIY;huhYTR5ERuU;;;
2024-11-16;;;GqHrJzn7GS0;CNXPzhzrB1M;;;
2024-11-15;;;K3lKGAzvMLg;Hi7zA8-rdXI;;;
2024-11-14;;;h3zSMwGpu9k;H50GxFw7Yfo;3QDQ0gVVNxQ;;
2024-11-13;;;;iad3ujM_QIc;E7MNEcIVgzk;;
2024-11-12;;;U5vmLlMHHcg;p7DqqsQfXCc;sLpDiBTZuPs;;
2024-11-11;;;LWo5mqY8tS4;Ta2-29kc81E;;;
2024-11-10;;;ffJ6n-9WWJc;Z1nfaN0wFK8;RFqrYSGn9is;;
2024-11-09;;;R1jiiI_DXVc;P9jMaJte2ek;;;
2024-11-08;;;q7d6C08bzco;NQ08PRG5brw;;;
2024-11-07;;;;30aEfrEgUZk;QxJ9E15zUxA;;
2024-11-06;;;iKYGOu33Qgw;YUPuKNlWrrY;xBqn5D9a6PA;;
2024-11-05;;;;2aC4ORlh4js;;;
2024-11-04;;;;itv0_xfo10Y;2A9sLh-EtJw;;
2024-11-03;;;;1UEipqUXaS4;LH-HbfEMFpg;mfcZP9-upRg;
2024-11-02;;;;T8IDaqiJS3Y;mo2zyAr9v3Q;RzQC4ADVqeo;
2024-11-01;;5T776iEbHBc;;PTsFxyrE7t8;;rF2aG4FxV9k;
2024-10-31;;;;3hY7yX-1o4Y;b0D5qBi9RII;;
2024-10-30;;;;fUzGYto3oVs;0lP4UpKUk6A;;
2024-10-29;;;;6OGOAJNu0BQ;sxskP3CNdtA;;
2024-10-28;;;;kIyDwF47h0Q;M09Ci9Qiews;;
2024-10-27;;;;KQv8IwjrrOU;xZfgCEKLSUM;;
2024-10-26;;;;wT7MLaK9DlI;MV7TxuH4tQI;zql1qmAIGYY;
2024-10-25;;Lsm_6lLeblg;;7GfCQDOvcqE;;YsOD-Xvm3JE;
2024-10-24;;9O50eKOEU_k;;bal-CUQLyI0;;;
2024-10-23;;MVU1GI-RcoU;;V2oMtEYOofI;2kvqYsOCIhY;;
2024-10-22;;2tiUlwRv5eg;;ajE3jYwtE80;TpQfmzTZFNo;;
2024-10-21;;El1vzhm6ehU;;HF8JxZe0i5E;NSuOiUi6v0k;;
2024-10-20;;SaQeMCJUtoU;;PQ5o9EePWuU;;kVDDKn2E5cY;
2024-10-19;;Xvq8GCshUco;;owzOj9JyF0Y;l4a3vbjQoD0;;
2024-10-18;;FQBAPrCIcXk;;ALE20UTBHe0;;;
2024-10-17;;r55LzMd7_3E;;H3dlueNbHYM;0-lcFUH8MZA;;
2024-10-16;;BuQHWdXJ1_8;;5LIwtJPffLg;fRFjY33urQM;;
2024-10-15;;sueqTigkOqg;;s5-r39Y0Or0;;;
2024-10-14;;C-0-hVhEgF8;;SZgpgQBqaNw;;;
2024-10-13;;3NtVsXBymO0;;zsSUuvlavx8;;;
2024-10-12;;pu0dD3zj3JQ;;UAON-CXizHQ;;;
2024-10-11;;4cs177QS_LA;;8-K6IS2yFs8;;;
2024-10-10;;8DvOli4yjvw;;02shC6n_jHk;;;
2024-10-09;;Nj4YeflvnnA;;Dtunkpvs1CY;;;
2024-10-08;;y8bb3-VpXLs;;0EJZMD31xB8;;;
2024-10-07;;1Z3dwFCdVVA;;gsNMdJl1tww;HcTTtqvr1LM;;
2024-10-06;;7nVwcmCLyuM;;hGbr7yf4OwY;lHLlIGu2gKM;;
2024-10-05;;kFyedI43lKE;;StlhwTASKIs;ViSFgtiWfQY;;
2024-10-04;;ty1biWtDHnU;;q2WrXj7mP_U;;;
2024-10-03;;Rh4Gz-DazhY;;wXk4LOSmCMA;iLgv7jgKArE;;
2024-10-02;;wz-R4gW_iYs;;1DAd7ep-NcA;p2hRAkcVppE;;
2024-10-01;;6Itw8L0IknA;;U6UdAX7UBYU;uu-UsekIY-g;;
2024-09-30;;RrmDM3ESX8E;;9uULpH61iWc;JWk0u9mKPyg;;
2024-09-29;;1yfWF5LyLoI;;bgG1Mfljv8U;5HbBwHO1F2s;;
2024-09-28;;IDkEWO5-vSk;;J-43h40yBh0;uA0Tq8OPN5w;;
2024-09-27;;ks0OeYsUg5k;;cvGBIo_nX5w;6w4wzmNKrhU;;
2024-09-26;;0C0vZ4hMb3Q;;V4uBbJEli3I;nqDXnC2NxlI;;
2024-09-25;;rJuc7e-eGgA;;7ErRPr2wL-Y;mJLnaaPfG4c;;
2024-09-24;;BBbOcyL9kpc;;jxRIUXruY3Q;;;
2024-09-23;;nWeoXCfu5oc;;GJlLlwIpQCU;uYpHosOyzkg;;
2024-09-22;;Z9jKULnViec;;BY6TBt0LQJw;EPPOOKatBU4;fDo3EXkcZFY;
2024-09-21;;nAMFyL2tIhE;;cG2FaCB7XSo;V5JNDgCFdzE;xnfb4xYZmbM;
2024-09-20;;piiQkn-wk3g;;QioGwRBFlro;i6iKUPt0iik;;
2024-09-19;;5PO1Rd3w0Z4;;CvPxruyVBVs;C3as8OdV3m4;;
2024-09-18;;G7RtrLGyLug;;XqL6edsnsOk;ZXIJavA3p0s;;
2024-09-17;;N3lmT5NTTV0;;DMCcPKC9X_E;;;
2024-09-16;;fuoEOJSIs08;;KqMxjCtQ8_U;IPeoYcnZ0GQ;;
2024-09-15;;cJnYaVyV958;;0uCVxfxU9Ew;d77LUCImWy8;DsiBvFu9eaM;
2024-09-14;;ZBmM60OeGh0;;2_go_WIuDjg;CAy7nyEgIhM;2GVJpGBOfxY;
2024-09-13;;01md-XPFxPw;;wNlCYt3r9ps;hg3kGiAajWI;x6yiul8IcKQ;
2024-09-12;;XubqqwHGg-w;;BQeBp1TiL2U;_Fk7ey8chqI;;
2024-09-11;;AdVAlWnn-Rc;;bnbeCb3kS2Q;ZAspTCEa0oM;;
2024-09-10;;V5t_A0mzo3g;;5M3OnWY_VOk;4Ue4vDExRzg;;
2024-09-09;;PucpdLaool0;;4KQ-yQgZxRo;2Slt2MSAtnc;;
2024-09-08;;k0h9Kdf3TVY;;agPIbMbQttQ;xH2N0XcSPjI;BLu1ZGOeGjc;
2024-09-07;;Kyvv8CYsR_c;;OYHKSBnL76o;;CTB-T7Gv8CU;
2024-09-06;;;;S48XTkZGTOg;;kWUJ4FBF2Sc;
2024-09-05;;;;15aJu7v4Wfo;;;
2024-09-04;;;;aNM0PvDnwzY;;;
2024-09-03;;;;x3oioDVewJw;;;
2024-09-02;;;;sie7LZMJAO4;;;
2024-09-01;;;;rrIRpTedV4A;;YGKBJ3z3oCw;
2024-08-31;;;;dM2UGfUG3cw;;_TkQgW7DvcI;
2024-08-30;;;;HUyAFzY59Ho;;9KVPUqgkf98;
2024-08-29;;;;JWIbc7qlmtQ;2CGkl7ydL_s;;
2024-08-28;;;;DHoth4n5070;T5hq9TnS75w;;
2024-08-27;;;;aHGNYcnI3Ic;zttBK6ezDsQ;;
2024-08-26;;;;7Kwrisz8ynI;;;
2024-08-25;;;;NcUAGVbRIEw;;YR08VxQbBBQ;
2024-08-24;;;;GWk-F5xSE8Y;;kpr67E1mwoA;
2024-08-23;;;;TaNDAsV_9d0;;h0iPQXjnXes;
2024-08-22;;;;qkz12muikWI;Yg0VCtwazos;;
2024-08-21;;;;9L3HW1wjtN0;;;
2024-08-20;;;;G2BmBCEd2Fs;ZRhx2wQ6rLQ;;
2024-08-19;;;;k6838oJuQBk;j-SpbcvoO-k;;
2024-08-18;;;;WAETWf9HEgc;je3mZOIsWvo;nztrIIWVMTQ;
2024-08-17;;;;79YT3zZOCFY;Bi-5NQb0GhQ;Z6nVhFjVe2k;
2024-08-16;;;;yMUQqWuZFAw;k8LXwck1Gd8;eM7hZ4oTYNc;
2024-08-15;;;;ZVUDDexyHF0;kWBSjoU_pjI;;
2024-08-14;;;;NXx-dJsXwgw;JVy6BJJdp6k;;
2024-08-13;;;;lXizUiLP1j8;rEti38TmIeo;;
2024-08-12;;;;HXKK71s3wxo;RoJWEpkUwFc;;
2024-08-11;;;;rrHLUfuMFMY;Jkqc5etvkpo;potVe0HpRPM;
2024-08-10;;;;rq7xde6Y5Mo;hkt1g-43MOM;JJLx2dVyJis;
2024-08-09;;;;quAWD4l_SCY;CqD01hSR2i4;UO2dnAU0iaM;
2024-08-08;;;;_pdQTUOCKYw;t2KfwoCgN7c;;
2024-08-07;;;;PYvZN-c8xqA;VQeG4S5hrxA;;
2024-08-06;;;;SShqY2ZIm2w;KLTCTjUU_s8;;
2024-08-05;;;;J5Q84j6OL5w;62KaX38K9g0;;
2024-08-04;;;;6bXuHo7B-jc;GcEdYXA84vg;zi-w8WxPwjM;
2024-08-03;;;;_ds5vlQcvBA;mTKbjMRDn0E;XADYvFrN620;
2024-08-02;;;;UmDGpoDhu7c;URyL7lVoplc;ZhH6j2kx-9Y;
2024-08-01;;;;WxaTsS7ZWAY;olUcqylQpIQ;;
2024-07-31;;SOcATrMg_e8;;dT2F2QMycSg;9EeFkEb-fwc;;
2024-07-30;;1fIvWnNxf6M;;egNKXaiYC9w;ee3rnssp_Bc;;
2024-07-29;;F-EAnh8s7tg;;XCV0rQVMwPg;;;
2024-07-28;;OLBSHbFLWNg;;Tw3hy-hCZg0;kQlINNKVRz0;o0CmhBGTh80;
2024-07-27;;InCeCXEcU38;;4HaF6o5hXVk;GUQfkYYqbkI;HTroFr9y9e8;
2024-07-26;;Bw4LtP6zsNg;;;DAyNCPPCNhM;lTfFFFURbqY;
2024-07-25;;dbHYl77bPcc;;Nu4q7T2w6Ek;Qq-kMJl65pc;;
2024-07-24;;ntI7VcKMH3s;;;7LYkhpSBGf0;;
2024-07-23;;y-9Sjb631ac;;1jyAeWUzNoQ;j1WyoIcIFvw;;
2024-07-22;;WXQK-6zl6KE;;;;;
2024-07-21;;IXeSoRU0EHA;;jvmlxCGeUBk;;xCvaaAJYYKs;
2024-07-20;;nhBWRThLe1w;;;;wWMFbhyMB7w;
2024-07-19;;hnFR7G1N4bQ;;;QcvPphTseP0;H5bm0inye6Q;
2024-07-18;;Jnh6kYL3ypw;;rV7jQLrKOZA;mWqZKyqPf3Q;;
2024-07-17;;QM2dGYlWXWQ;;lqSzllYqh5E;wpy322u8GeU;;
2024-07-16;;Ux8r3Qd8QzM;;;sFVGtOi6z1E;;
2024-07-15;;FqX663fyOII;;;9h0wunt2bFc;;
2024-07-14;;twRjZ789EUA;;;wRygbjm1KQE;8nyyIeC0U7w;
2024-07-13;;eklJnrk_k2k;;;c6npFOFMBFo;JvBmuv5JqWc;
2024-07-12;;Tq1hXqMkl7U;;;WelzI27yH40;yr1NBcW-x4Q;
2024-07-11;;MKSQ6PEktbU;;;x0h1kcjn7F4;;
2024-07-10;;F1uN-5pVst4;;;LE9re2DQgLw;;
2024-07-09;;n2-sw_33P6Y;;;1m6uICs7jEk;;
2024-07-08;;o2dfRFxOXxM;;;ICMwp336_Iw;;
2024-07-07;;GtHW7DrIeyU;;;Ca4VoRcSm7s;8LC2pIWdUuc;
2024-07-06;;CfRyWClb5XA;;;FriXhm365Rw;yyEKOweaWjc;
2024-07-05;;;;;sz6hSjieI7k;LdggWcUqkZs;
2024-07-04;;3vyetZZ23Mw;;;kBZNZcuITGo;;
2024-07-03;;JA0vtn8UpZU;;;zLBR1RN7ssY;;
2024-07-02;;;;;DYhZ6FHeIwk;;
2024-07-01;;;;;QMmezzRoENw;;
2024-06-30;;7bd0yKEChZs;;;UHN-6Krcrl4;RmnEa5Whkvc;
2024-06-29;;;;;mEuo0qU49C8;C9_Rk-OXhiI;
2024-06-28;;;;;h8r-7q-K4bE;tZV2gOJRcmk;
2024-06-27;;PhfllwMjxh8;;;XjNS_HK7fjg;;
2024-06-26;;;;;hH0NW-nZpzI;;
2024-06-25;;;;;BpslBOYsrzc;;
2024-06-24;;;;;3b6w0ukvKtg;;
2024-06-23;;;;;;LN-l2Qm4qic;
2024-06-22;;;;;TqF7Mm90hSw;ivM6CFUxV0A;
2024-06-21;;;;;9wxG2iYrRAA;atdLvapJ7IA;
2024-06-20;;;;;vtdRzl-VKYM;;
2024-06-19;;;;;f26NK7b7MMw;;
2024-06-18;;;;;LqNqBiO-wTs;;
2024-06-17;;;;;I0j9vezI_-M;;
2024-06-16;;;;;GXhKZHBt1UI;JmOhUHb7aEw;
2024-06-15;;;;;pnvRjVzMkVg;0GnmVSs0NQQ;
2024-06-14;;;;;kxieLgibYJg;XIAD7UsQ7I4;
2024-06-13;;;;;a6h0xpDqQiI;;
2024-06-12;;;;;_QBDXUfvsEc;;
2024-06-11;;;;;xE2nwqj9v8M;;
2024-06-09;;;;;;f_98rq_3tU4;
2024-06-08;;;;;;aR6S9DY7MTM;
2024-06-07;;;;;;D7YIYCv5WWc;
2024-06-02;;;;;;BvbDhwRxkco;
2024-06-01;;OeB7-YiiSxk;;;;itC3ERfOugA;
2024-05-31;;;;;;3ZFcTG_OOZw;
2024-05-26;;;;;;GtKJcr4-cE8;
2024-05-25;;;;;;Kv95_Onqlrc;
2024-05-24;;;;;;X24J9eWPHvE;
2024-05-23;;;;;;SCf7h5aOR30;
2024-04-17;;;;;;ZG370TwTQK0;
2024-04-16;;;;;;Ljb4FJ-Fgy8;
2024-04-15;;;;;;tQj_8IJghe8;
2024-04-14;;;;;;JpojnWkfKZ8;
2024-04-13;;;;;;oppeYsXr5ac;
2024-04-12;;;;;;LdsN79Zf83o;
2024-04-11;;;;;;9-DjH7dgbP0;
2024-04-10;;;;;;X58HrEo1cbE;
2024-04-09;;;;;;SHLGSa_cQwY;
2024-04-08;;;;;;FFEknbsyAfA;
2024-04-07;;;;;;Vosx-j-8jNc;
2024-04-06;;;;;;YT1vgneW0EM;
2024-04-05;;;;;;50dSRyqRo90;
2024-04-04;;;;;;77JQUTTzkqY;
2024-04-03;;;;;;yCFdAXaCaYA;
2024-04-02;;;;;;VSgua2glECc;
2024-04-01;;;;;;5Rj18M8bflE;
2024-03-31;;;;;;0e7ltGLHYJ8;
2024-03-30;;;;;;HOMKn8mOTqo;
2024-03-29;;;;;;szYQel99epk;
2024-03-28;;;;;;4T-NwLCTpfM;
2024-03-27;;;;;;o9jMdlFrXWc;
2024-03-26;;;;;;BH0tXyixcwo;
2024-03-25;;;;;;4tYgmatJdD4;
2024-03-24;;;;;;xRYDR3KtUYw;
2024-03-23;;;;;;5WEqTKgzoao;
2024-03-22;;;;;;FeU5F3dUYpI;
2024-03-21;;;;;;_4KSwjx5D-U;
2024-03-20;;;;;;M8_1tIl7Who;
2024-03-19;;;;;;cH15rgP7DLI;
2024-03-18;;;;;;DhgAH6NErS4;
2024-03-17;;;;;;V7n3WkotG8s;
2024-03-16;;;;;;cAQPV1ljAqs;
2024-03-15;;;;;;2nBdU0u5x7M;
2024-03-14;;;;;;zMxh1AuSGQI;
2024-03-13;;;;;;8E2u9fshwyo;
2024-03-12;;;;;;Sg8IARL4gP8;
2024-03-11;;;;;;1ivscYMatHs;
2024-03-10;;;;;;33xUgoLfteE;
2024-03-09;;;;;;xpE_7Z4geNw;
2024-03-08;;;;;;__S0qYmWcEI;
2024-03-07;;;;;;xHwNP1JhYGU;
2024-03-06;;;;;;nY4eE_bzUHA;
2024-03-05;;;;;;FMwSuC1ZjZk;
2024-03-04;;;;;;tLsw40exaMo;
2024-03-03;;;;;;sRfyU-_eUOU;
2024-03-02;;;;;;tFoUoR5RLQo;
2024-03-01;;;;;;Vyz7la_e5pU;
2024-02-29;;;;;;S6tlBodctbE;
2024-02-28;;;;;;7-HXbIVFBKI;
2024-02-27;;;;;;fTqMifCD7Ig;
2024-02-26;;;;;;iR4n2BV83R4;
2024-02-25;;;;;;nOh_SaoP60U;
2024-02-24;;;;;;j1pTva_z7-k;
2024-02-23;;;;;;LPCQ-GkWEjE;
2024-02-22;;;;;;Fpq4BA8me1s;
2024-02-21;;;;;;twmn6YMibe8;
2024-02-20;;;;;;SO9gKW_Annk;
2024-02-19;;;;;;1jFck4Zok90;
2024-02-18;;;;;;j9MGiuY-D1s;
2024-02-17;;;;;;RPRsX4lkMIk;
2024-02-16;;;;;;J2OgaPCXOGo;
2024-02-15;;;;;;qhN4zy_JqFE;
2024-02-14;;;;;;s7f327NdCA0;
2024-02-13;;;;;;EztMTT2a2Ck;
2024-02-12;;;;;;XB39HBVBHFY;
2024-02-11;;;;;;5D8YBwna0Jc;
2024-02-10;;;;;;8oL4ajstY_8;
2024-02-09;;;;;;X5iVeDhsdRE;
2024-02-08;;;;;;sOv-K3AuNB8;
2024-02-07;;;;;;BHIDliz9XUk;
2024-02-06;;;;;;9gJHCKqrdFY;
2024-02-05;;;;;;dDWK8mfzIBs;
2024-02-04;;;;;;oSgG7ZSbFQI;
2024-02-03;;;;;;1_wM2H3kaHc;
2024-02-02;;;;;;S3Y7LAUsxSs;
2024-01-31;;;;;;Ng5GABZUDAQ;
2024-01-30;;;;;;AUaA2YROf0g;
2024-01-29;;;;;;AoZ0tfMBpZo;
2024-01-28;;;;;;k0bOF49fPlk;
2024-01-27;;;;;;6W7Iw880GdI;
2024-01-26;;;;;;WflabQgeymY;
2024-01-25;;;;;;Ds3BW98dlBw;
2024-01-24;;;;;;2RDZDr5vwvg;
2024-01-23;;;;;;3msCJ5JtxTc;
2024-01-22;;;;;;TCuoaZnoupY;
2024-01-21;;;;;;CrSar7T_kV0;
2024-01-20;;;;;;ZWD5ltdvMTg;
2024-01-19;;;;;;BFvUNdOTMSw;
2024-01-18;;;;;;nqmgtTcl_ME;
2024-01-17;;;;;;Xm9c5lVOLYg;
2024-01-16;;;;;;PIseRupaAL0;
2024-01-15;;;;;;HfT4ddmqwoM;
2024-01-14;;;;;;z2ym94QgNUU;
2023-12-31;;;;;;q51skBZF68c;
2023-12-30;;;;;;-HtaIszKRAM;
2023-12-29;;;;;;K0hDm9gKaJc;
2023-12-28;;;;;;rdSmapRfv1k;
2023-12-27;;;;;;1p1X8nruans;
2023-12-26;;;;;;bA3cIhOo4Pc;
2023-12-23;;;;;;_7CF3DHlFPo;
2023-12-22;;;;;;qNsCabvE5yU;
2023-12-21;;;;;;X-FvRe0v3UQ;
2023-12-20;;;;;;HkLood6ZPQc;
2023-12-19;;;;;;DSsF1mUeFmk;
2023-12-18;;;;;;JDQ5nO1GV7U;
2023-12-17;;;;;;He_0qHK8o4g;
2023-12-16;;;;;;RxaHo3R3bgU;
2023-12-15;;;;;;4WHBENwvliY;
2023-12-14;;;;;;5JTiF9uU5YA;
2023-12-13;;;;;;S7qr5ZhfUCY;
2023-12-12;;;;;;dlsWCaUPvt8;
2023-12-11;;;;;;yW4f08wSgfE;
2023-12-10;;;;;;hf95ihpNwk8;
2023-12-09;;;;;;UaThMnTeiJA;
2023-12-08;;;;;;drsoFZJkdW0;
2023-12-07;;;;;;BlSub63hs4g;
2023-12-06;;;;;;Dh6QRWeVMbU;
2023-12-05;;;;;;OkkvJe4W00Y;
2023-12-04;;;;;;ypyv8g2JgYU;
2023-12-03;;;;;;Wa625d77b2Y;
2023-12-02;;;;;;GaY3z1F8voM;
2023-12-01;;;;;;BbXB1aqwcV8;
2023-11-30;;;;;;h_O05w8731U;
2023-11-29;;;;;;OHlWXtZv-0o;
2023-11-28;;;;;;-Dmf3IFUVOc;
2023-11-27;;;;;;Ku1d5dyUP8Q;
2023-11-26;;;;;;WQ5QvPL8xeg;
2023-11-25;;;;;;FWHRVmtLdUQ;
2023-11-24;;;;;;G0pZm5kUWOM;
2023-11-23;;;;;;GA97wM5WpTM;
2023-11-22;;;;;;KKBhnBtGVGw;
2023-11-21;;;;;;SLxifrAy1d4;
2023-11-20;;;;;;n8h1E-5zvog;
2023-11-19;;;;;;qfbIGP1YfJU;
2023-11-18;;;;;;fmcw94aWsCE;
2023-11-17;;;;;;3obHyJjtC68;
2023-11-16;;R_SXdibNFUQ;;;;F6K7ER7dOMQ;
2023-11-15;;;;;;IarYKBUfAfw;
2023-11-14;;;;;;8GSlbp5T8bU;
2023-11-13;;;;;;QW1k6v-hjGk;
2023-11-12;;;;;;4gWfeBBJWAA;
2023-11-11;;;;;;znrE9KK7bH0;
2023-11-10;;;;;;OqZ2TSjY4PQ;
2023-11-09;;rWCt6bFopNI;;;;yAmRwReuYXU;
2023-11-08;;;;;;qSAMX3G7uzM;
2023-11-07;;;;;;yJ6v1a7yokM;
2023-11-06;;;;;;elzAzQ0QruI;
2023-11-05;;;;;;x3DWEDI-HqE;
2023-11-04;;;;;;LW7qr2RNAOs;
2023-11-03;;;;;;FzZejL-UvWs;
2023-11-02;;;;;;n-PA2VzM89s;
2023-11-01;;;;;;l2aaSy1e0iQ;
2023-10-31;;;;;;0CAiecOO7vM;
2023-10-30;;;;;;QRBsGrW26iI;
2023-10-29;;;;;;odStlEabWag;
2023-10-28;;;;;;kAuiVvLHpYM;
2023-10-27;;;;;;WC9sXO35jmc;
2023-10-26;;;;;;4d2y2VK93sk;
2023-10-25;;;;;;C9tuqEZJAJw;
2023-10-24;;;;;;t2pynjQ0gHs;
2023-10-23;;;;;;0Ir4eWND6a8;
2023-10-22;;;;;;iTAXBQQWjig;
2023-10-21;;;;;;ZGmd3PfOqhI;
2023-10-20;;;;;;Ivq9ZaeScsg;
2023-10-19;;;;;;RKf9TeUqwg4;
2023-10-18;;;;;;i0BPXiE4ma0;
2023-10-17;;;;;;jQHojRj_Ikg;
2023-10-16;;;;;;0Ce_HwOgx10;
2023-10-15;;;;;;ltXBPuxMg-8;
2023-10-14;;;;;;_iDRxxK5p3E;
2023-10-13;;;;;;90NNNg0bfow;
2023-10-12;;;;;;SC03zwYZ-Kk;
2023-10-11;;;;;;r5DFfNqb-6U;
2023-10-10;;;;;;2ilsM9y3lQg;
2023-10-09;;;;;;UJ1qBlJg55c;
2023-10-08;;;;;;If9Nxprnvs0;
2023-10-07;;;;;;hkeddBn2L18;9W_1IdbcO9Q
2023-10-06;;;;;;e06NTE-xncw;
2023-10-05;;;;;;h-YQIcFoeiw;
2023-10-04;;;;;;o3-EOLdameA;
2023-10-03;;;;;;sDgKfZd3ZHo;
2023-10-02;;;;;;95PvLXsNvC4;
2023-10-01;;;;;;R_YDWjpEACQ;
2023-09-30;;;;;;G52aigMorsk;
2023-09-29;;;;;;1xjrUyqBgK8;
2023-09-28;;;;;;SOQN4AiV-Rw;
2023-09-27;;;;;;Dk05RuhakNY;
2023-09-26;;;;;;nN2U5_q0dkE;
2023-09-25;;;;;;x_xA26KZM6Q;
2023-09-24;;;;;;N1IPvW3Kp3g;
2023-09-23;;;;;;s_G5z6_-J_Y;
2023-09-22;;;;;;rt6OBT4VgFI;
2023-09-21;;;;;;hGWAyB47_OA;
2023-09-20;;;;;;fqbkQ0ucMDo;
2023-09-19;;;;;;V-RfnlcsIbg;
2023-09-18;;;;;;k2vYKvpkEQ4;
2023-09-17;;;;;;rsiHtbQ6lxY;
2023-09-16;;;;;;dq11kcZcTDI;
2023-09-15;;;;;;V5whsVqP2ik;
2023-09-14;;;;;;ouwjQMXSMV0;
2023-09-13;;;;;;Ow99Ui99uok;
2023-09-12;;;;;;_5jeXSIE6mY;
2023-09-11;;;;;;1WS9JYJZY2k;
2023-09-10;;;;;;e2CE7aqH6DY;
2023-09-09;;;;;;VOvebK9IxD8;
2023-09-08;;;;;;NsBfnTxPzjU;
2023-09-07;;;;;;a22R72nBw8I;
2023-09-06;;;;;;ikZTvrjNF5s;
2023-09-05;;;;;;ZQIJhbkitWk;
2023-09-04;;;;;;I4xxnoJwN9o;
2023-09-03;;;;;;34gteppWknY;
2023-09-02;;;;;;H9icg1QJK3c;
2023-09-01;;;;;;5D62GC--Akg;
2023-08-31;;;;;;TJGEwdNgd74;
2023-08-30;;;;;;GRyIXvKWKp4;
2023-08-29;;;;;;bhnC4BqMXK0;
2023-08-28;;;;;;LCt4kyTX_ZY;
2023-08-27;;;;;;UAlA7PsAOcY;
2023-08-26;;;;;;6uNC7Tvg2C8;
2023-08-25;;;;;;Qo-2sSnZ51A;
2023-08-24;;;;;;eRSDf7ZABGg;
2023-08-23;;;;;;LbdEyAkAurc;
2023-08-22;;;;;;XYqtcn-YtyA;
2023-08-21;;;;;;-d1v-vccLyY;
2023-08-20;;;;;;EOd7jifKSkY;
2023-08-19;;;;;;l0j0xp3rbPI;
2023-08-18;;;;;;GNQjXEHVG1Q;
2023-08-17;;;;;;AP6hoUeYxXw;
2023-08-16;;;;;;8O2HZS_Tq7Q;
2023-08-15;;;;;;SBgI24xbVBE;
2023-08-14;;;;;;4a_ceuWDkI8;
2023-08-13;;;;;;nXxWiNKGzXU;
2023-08-12;;;;;;6yPlii3ejYM;
2023-08-11;;;;;;ZWEJ5_yXCvE;
2023-08-10;;;;;;nUZbQ4WzCEo;
2023-08-09;;;;;;Nyix4DTZGek;
2023-08-08;;;;;;M2foIjN-cjA;
2023-08-07;;;;;;afu6r-bLabI;
2023-08-06;;;;;;ufFJSfUzc7s;
2023-08-05;;;;;;p1biECoPNXs;
2023-08-04;;;;;;bFb169-Y2Ac;
2023-08-03;;;;;;0HKsN-UKSf0;
2023-08-02;;;;;;lg-XlWKZNTk;
2023-08-01;;;;;;PcxdvUtFtew;
2023-07-31;;;;;;o66shxQ-3mE;
2023-07-30;;;;;;szjkAlzM7Zw;bOXf5yOG70o
2023-07-29;;;;;;zqUdaQ9FXyw;ePrDuQD3KmY
2023-07-28;;;;;;OLzmncwsLpY;v8SmYRQ9uRg
2023-07-27;;;;;;ldGGqqx2pCo;5fa4te8lOJo
2023-07-26;;;;;;U0uYNyd5PYI;cWrrj_6eBLk
2023-07-25;;;;;;Cgy7teQa1Gs;MEr_sH999Tk
2023-07-24;;;;;;2e79y4JvqsA;o4-ysfGLpak
2023-07-23;;;;;;qreup0OMpPk;ao9TtMj2dLY
2023-07-22;;;;;;MT900Fbl8iY;pr4Jzru-A8Y
2023-07-21;;;;;;ATi22f_sxhA;SeOzNOaQUMs
2023-07-20;;;;;;Nh2UawsLISs;g0LLop3sYnI
2023-07-19;;;;;;7pxCkIYVN4w;9GXhgijPCp4
2023-07-18;;;;;;rNI7APMA7aY;dW1VbhNrI20
2023-07-17;;;;;;N6mIzrWht2o;6xBCeAWSBK4
2023-07-16;;;;;;EO22y0hX3KE;aFISG8iE_7M
2023-07-15;;;;;;bsPz4uEqIR0;Sq2xiUKKGYY
2023-07-14;;;;;;wKq0L7vU3NE;XT8Fmy0x_vk
2023-07-13;;;;;;_nzrBcEpmgU;Zzxvq3gr13Y
2023-07-12;;;;;;q5jdQuuECMU;yxQj40Z6YX8
2023-07-11;;;;;;aht3Bxe57A0;gix0ZaC2PoE
2023-07-10;;;;;;H4TunXWdT4w;TIhOCKlLUmM
2023-07-09;;;;;;h2hDvOMJUJY;52PHxJeVhb8
2023-07-08;;;;;;nP4nEtllIMg;phG1VTQncw0
2023-07-07;;;;;;oBs8lhg_rBc;S-1bCCMyd-A
2023-07-06;;;;;;j6jCCYNRHSw;Wt4wLzEwezA
2023-07-05;;;;;;wGUECghJ838;vQ0cZFiZ9p4
2023-07-04;;;;;;LXGy-gF6B6Q;ZvmKoXgfstM
2023-07-03;;;;;;n9WH7DkDKsg;ZDKb4GkoJCc
2023-07-02;;;;;;GXTTd7HgGvM;jc389ruLAA8
2023-07-01;;;;;;;E7sEEaxqXKM
2023-06-30;;;;;;;3grdkP_OFhw
2023-06-29;;;;;;;sADIdcnwFlY
2023-06-28;;;;;;;LvAsOa3mYH8
2023-06-27;;;;;;;5kFLhhhBGgM
2023-06-26;;;;;;;e4VRb9w1ixg
2023-06-25;;;;;;;WrLdWAiiEcs
2023-06-24;;;;;;;ZQmIRtP5Ktg
2023-06-23;;;;;;;SPbcBmPbHmY
2023-06-22;;;;;;;z3T_f9aqxcg
2023-06-21;;;;;;;Zm3JbQPRACo
2023-06-20;;;;;;;qPkznbNdfTk
2023-06-19;;;;;;;MPNGQB1MOfU
2023-06-18;;;;;;;og9NcTKgbes
2023-06-17;;;;;;;S51uCdhnJRs
2023-06-16;;;;;;;qDYdhjuiGA8
2023-06-15;;;;;;;W4t87CwSzNI
2023-06-14;;;;;;;54G6oWI4tww
2023-06-13;;;;;;;zROwxgjFfyo
2023-06-12;;;;;;;ZCShKcNMnaI
2023-06-11;;;;;;;C0-pMPBuISo
2023-06-10;;;;;;;18Ypnq2uZv0
2023-06-09;;;;;;;twODbTPj-WA
2023-06-08;;;;;;;hVTGYxH85qo
2023-06-07;;;;;;;OP5YM7UuSmM
2023-06-06;;;;;;;Ch7zBqo_nUo
2023-06-05;;;;;;;BLUuTMF2QWU
2023-06-04;;;;;;;pw_GrM7Ikwo
2023-06-03;;;;;;;n98Gtm2Ca28
2023-06-02;;;;;;;VrZVlQYjopg
2023-06-01;;;;;;;Wvq7bwHbkTo
2023-05-31;;;;;;;kx2ZXM3xKMY
2023-05-30;;;;;;;L_q_-FPWFrs
2023-05-29;;;;;;;45zw0-rz5Rc
2023-05-28;;;;;;;nO0n8XVzzVk
2023-05-27;;;;;;;y0PXxn2b4V4
2023-05-26;;;;;;;Pq0PfHV_JhI
2023-05-25;;;;;;;xqepbjlpd10
2023-05-24;;;;;;;1KOjp9qN9Zw
2023-05-23;;;;;;;oQYeD0U2p4c
2023-05-22;;;;;;;dQrYnj85juU
2023-05-21;;;;;;;zA3DNME2cBw
2023-05-20;;;;;;;yhSRQLwcSyo
2023-05-19;;;;;;;iXTIkZEvGSI
2023-05-18;;;;;;;NLh51h6CAvY
2023-05-17;;;;;;;sC8koDAtG8c
2023-05-16;;;;;;;436imAP0ED0
2023-05-15;;;;;;;bZXjK0mVceg
2023-05-14;;;;;;;1biiUXazBs0
2023-05-13;;;;;;;ekTQ3i_NeFY
2023-05-12;;;;;;;0-4GwM2xKyM
2023-05-11;;;;;;;s9grGSv6Hjo
2023-05-10;;;;;;;c0mLfKJMzgU
2023-05-09;;;;;;;rN1gaYTzq0Y
2023-05-08;;;;;;;mQtQp-DVgck
2023-05-07;;;;;;;zjQ-71qZt0I
2023-05-06;;;;;;;H55IGsYR_Lg
2023-05-05;;;;;;;98oUXs79taw
2023-05-04;;;;;;;s2wIsZxrG3U
2023-05-03;;;;;;;nUTd72VXKQA
2023-05-02;;;;;;;_C9sWxh9v5M
2023-05-01;;;;;;;fdgZKQwbRHY
2023-04-30;;;;;;;9sowKO0h438
2023-04-29;;;;;;;eQfMWetXkgI
2023-04-28;;;;;;;KXwYDgQYvM8
2023-04-27;;;;;;;sYGrCRVMeCE
2023-04-26;;;;;;;6LqMheornlw
2023-04-25;;;;;;;bbNqnC7IbKc
2023-04-24;;;;;;;UU3Do7C4-AE
2023-04-23;;;;;;;epnLQ3mRvQ0
2023-04-22;;;;;;;1l6bo5n0nTw
2023-04-21;;;;;;;7ZFcntBkYk4
2023-04-20;;;;;;;RihlMKZh4UM
2023-04-19;;;;;;;OWjOAGQyE8Q
2023-04-18;;;;;;;3iV3Z-Fmffc
2023-04-17;;;;;;;9ww0c4syVXo
2023-04-16;;;;;;;RaE8kio9ubo
2023-04-15;;;;;;;0utVXFHivvg
2023-04-14;;;;;;;TrlLUaIvsyw
2023-04-13;;;;;;;LUu_ouRDWs4
2023-04-12;;;;;;;SZW_neTWoh8
2023-04-11;;;;;;;84M5GAcb59A
2023-04-10;;;;;;;1mZGM0eQSKw
2023-04-09;;;;;;;GD4EUoaxYQw
2023-04-08;;;;;;;4vtUTjTMBgI
2023-04-07;;;;;;;bdfqO2HGR1U
2023-04-06;;;;;;;af4aWw2J_58
2023-04-05;;;;;;;X9tULlcL7zE
2023-04-04;;;;;;;ihb2GGbUnHE
2023-04-03;;;;;;;SC6WEhe8ang
2023-04-02;;;;;;;9oavAa4-dwA
2023-04-01;;;;;;;o5DLzE2iOX0
2023-03-31;;;;;;;xboDJ4jhAQM
2023-03-30;;;;;;;mvCSuQDtWB4
2023-03-29;;;;;;;FFLmZGhaEsU
2023-03-28;;;;;;;kESsQMEQCcg
2023-03-27;;;;;;;kPeT81rZQjk
2023-03-26;;;;;;;UI6mjhzwygM
2023-03-25;;;;;;;UxkSavJccVE
2023-03-24;;;;;;;uZaxLxTByps
2023-03-23;;;;;;;c2pQiUwAUk8
2023-03-22;;;;;;;q_BPvF8hVIg
2023-03-21;;;;;;;Us4TyB34H5k
2023-03-20;;;;;;;Xm4_BihaqZ4
2023-03-19;;;;;;;JqYaj4Bbj0g
2023-03-18;;;;;;;B-V6U7d1eA8
2023-03-17;;;;;;;_DyMqqa54oA
2023-03-16;;;;;;;r7SeNgZX5rA
2023-03-15;;;;;;;563scp2f8CA
2023-03-14;;;;;;;GCphgHj9NM8
2023-03-13;;;;;;;cYCD8aeaUgY
2023-03-12;;;;;;;jT0aXeebRcI
2023-03-11;;;;;;;QlCwes6LXVE
2023-03-10;;;;;;;Qmjxe4ymK30
2023-03-09;;;;;;;SocdjQlgid4
2023-03-08;;;;;;;vVYDySfXrlU
2023-03-07;;;;;;;rGss2OPCakY
2023-03-06;;;;;;;HJsk9eCAyN8
2023-03-05;;;;;;;ibg2ZBn2pdQ
2023-03-04;;;;;;;6IYTHRxwhh8
2023-03-03;;;;;;;cMFCf4_T9gE
2023-03-02;;;;;;;RsszRsM3NjQ
2023-03-01;;;;;;;nnhhG6R0pC0
2023-02-28;;;;;;;H5jHW2YzfFg
2023-02-27;;;;;;;Ad4XdPXR8sQ
2023-02-26;;;;;;;mVEG7FiWdxA
2023-02-25;;;;;;;0a88tkzR4bw
2023-02-24;;;;;;;mopr1uZrAjA
2023-02-23;;;;;;;viKqgsipg_8
2023-02-22;;;;;;;d1DlnBHIe14
2023-02-21;;;;;;;muke2h6lhUs
2023-02-20;;;;;;;3EmbSkRnFE0
2023-02-19;;;;;;;TQZ8Q_Cv7ZU
2023-02-18;;;;;;;L4EPeKxBbaI
2023-02-17;;;;;;;qy5ZD223MEM
2023-02-16;;;;;;;JZgq2mO2lOg
2023-02-15;;;;;;;8GRWY3W1W7c
2023-02-14;;;;;;;piUZkI74_TM
2023-02-13;;;;;;;kOXT2O2DL_Q
2023-02-12;;;;;;;Wuj44OP2H1s
2023-02-11;;;;;;;dxLIwO008RU
2023-02-10;;;;;;;LOU-mPWF2zg
2023-02-09;;;;;;;jG3ij302AyY
2023-02-08;;;;;;;X4Y67K_Vh7s
2023-02-07;;;;;;;fkIkM-Pamrs
2023-02-06;;;;;;;OL857zmKOuE
2023-02-05;;;;;;;kml6JMAOMXo
2023-02-04;;;;;;;8dj0ycHTkQE
2023-02-03;;;;;;;p3onyICpRO8
2023-02-02;;;;;;;pMXq3PkKPKc
2023-02-01;;;;;;;Zf5OTjYzfqw
2023-01-31;;;;;;;IjsQR4RPAQs
2023-01-30;;;;;;;1-3OFXXSQBo
2023-01-29;;;;;;;sOHrnAM9Jzs
2023-01-28;;;;;;;y9KVyKvIQk4
2023-01-27;;;;;;;MpgDS6Cto-c
2023-01-26;;;;;;;rfAuB06UrEA
2023-01-25;;;;;;;1JxozNBdqJM
2023-01-24;;;;;;;m_z1Aeyk3Uc
2023-01-23;;;;;;;3y2TFKpAiPY
2023-01-22;;;;;;;aaPKvTCmtwg
2023-01-21;;;;;;;ei9pxqG179Y
2023-01-20;;;;;;;rUlYn9OQOjQ
2023-01-19;;;;;;;ueBso6gBVbE
2023-01-18;;;;;;;tdEzf81kO_Y
2023-01-17;;;;;;;QVUcOb1ocH8
2023-01-16;;;;;;;2XdwILN_0cU
2023-01-15;;;;;;;naBQy5MTRQg
2023-01-14;;;;;;;G7qLCI7e1Jw
2023-01-13;;;;;;;PGLcjM2dvnM
2023-01-12;;;;;;;ZwBh2nAbFqE
2023-01-11;;;;;;;nqe2cS-E2bw
2023-01-10;;;;;;;M4szn35kQP8
2023-01-09;;;;;;;EIsLQ7AiBdw
2023-01-08;;;;;;;Qa8_TfmjU6E
2023-01-07;;;;;;;PMcjqrOPEqo
2023-01-06;;;;;;;cylW2RtzeVI
2023-01-05;;;;;;;pR6HjBEO4_c
2023-01-04;;;;;;;uADZWaaLyUU
2023-01-03;;;;;;;60J40uiTmJA
2023-01-02;;;;;;;oCaC7d1dgOM
2023-01-01;;;;;;;ElzybboQlaw
2022-12-31;;;;;;;KzN0epcgPoY
2022-12-30;;;;;;;WptT-1ZrxQI
2022-12-29;;;;;;;KKpqQvzDRP8
2022-12-28;;;;;;;ErHVR7Xu-8A
2022-12-27;;;;;;;5yBBSfiSSDE
2022-12-26;;;;;;;dGGblKdVetc
2022-12-25;;;;;;;Oq88cytps6w
2022-12-24;;;;;;;UsBeD3Z76F8
2022-12-23;;;;;;;n2ZVaBb7eyY
2022-12-22;;;;;;;7j7MWNZWL5I
2022-12-21;;;;;;;zab73aSmxzc
2022-12-20;;;;;;;JPGEOXoq6q4
2022-12-19;;;;;;;lj9iGJyTXVo
2022-12-18;;;;;;;i-6rUO0BSOo
2022-12-17;;;;;;;S_v4ezTznLU
2022-12-16;;;;;;;cI0Hy36HtmQ
2022-12-15;;;;;;;j681IBt2v8A
2022-12-14;;;;;;;ko5-J5oQduo
2022-12-13;;;;;;;dyI2DYQb6X8
2022-12-12;;;;;;;eunG7PPXSX8
2022-12-11;;;;;;;pRmOC1ypQrI
2022-12-10;;;;;;;voJIH-vhs1s
2022-12-09;;;;;;;xEkwAuld0tg
2022-12-08;;;;;;;U1D5hsfl1Rc
2022-12-07;;;;;;;yvlTK5Wd7X0
2022-12-06;;;;;;;AMYVY2P-4sQ
2022-12-05;;;;;;;q0QOOIHtJcs
2022-12-04;;;;;;;Ol6XP99rZFM
2022-12-03;;;;;;;LruT0aTdmj0
2022-12-02;;;;;;;4XwX6wJLA_Q
2022-12-01;;;;;;;qvqgk2i5xfI
2022-11-30;;;;;;;XTObjXJHgc8
2022-11-29;;;;;;;pLV8NCcQnaw
2022-11-28;;;;;;;7UOgW3CSx_I
2022-11-27;;;;;;;jD_I6HXYsDs
2022-11-26;;;;;;;zxgSypEvvIs
2022-11-25;;;;;;;-EP01F8RF2g
2022-11-24;;;;;;;A4dOz_XUc7g
2022-11-23;;;;;;;dyjZtJrHNHY
2022-11-22;;;;;;;AzQ90npIH4g
2022-11-21;;;;;;;U8SKCtFGWGU
2022-11-20;;;;;;;Ck2OlKx_KaQ
2022-11-19;;;;;;;gI-0_uZNE1Y
2022-11-18;;;;;;;HN9VQ0NqycU
2022-11-17;;;;;;;gz6B5F0ahsM
2022-11-16;;;;;;;i9xg5kpgneI
2022-11-15;;;;;;;SvP3w31VEwA
2022-11-14;;;;;;;Cy7i0I3BV1U
2022-11-13;;;;;;;Nxf26EVSX5U
2022-11-12;;;;;;;5-nMbjZW3K8
2022-11-11;;;;;;;M-9N2lBY7xc
2022-11-10;;;;;;;vJDMdsgvrJc
2022-11-09;;;;;;;TBjFmsxTcp8
2022-11-08;;;;;;;pp_kuGErIho
2022-11-07;;;;;;;apZixiecRdk
2022-11-06;;;;;;;few9veznf0s
2022-11-05;;;;;;;c_Qe8Q_2Yk4
2022-11-04;;;;;;;QK0NhVCEOjM
2022-11-03;;;;;;;c5hYYrFp_IA
2022-11-02;;;;;;;SYlgYPjJkjQ
2022-11-01;;;;;;;kg201BPcy9o
2022-10-31;;;;;;;QGbGhpFM0rg
2022-10-30;;;;;;;hhdOZB1l3zU
2022-10-29;;;;;;;t2POKveVp-Y
2022-10-28;;;;;;;l-HATegHA_8
2022-10-27;;;;;;;d7lgVOQHPgA
2022-10-26;;;;;;;02g2V0QfpRY
2022-10-25;;;;;;;n7kcHFAjcrI
2022-10-24;;;;;;;zYGyWsmXNPM
2022-10-23;;;;;;;9hmZoj2p6GI
2022-10-22;;;;;;;m0_EbOp2G8U
2022-10-21;;;;;;;NxRCB6Zv2ks
2022-10-20;;;;;;;yocVcxvkGvU
2022-10-19;;;;;;;EK4Mw8NRzaI
2022-10-18;;;;;;;b59flnks68I
2022-10-17;;;;;;;VJ8Q58ACUOY
2022-10-16;;;;;;;0CHcVmsznSw
2022-10-15;;;;;;;9VBsLQ9YO60
2022-10-14;;;;;;;VUrxH6Myie4
2022-10-13;;;;;;;itxpCJUMsNA
2022-10-12;;;;;;;HXYHp7Gutfw
2022-10-11;;;;;;;zEcSHaQ5lBU
2022-10-10;;;;;;;VGZwWqgKNmI
2022-10-09;;;;;;;G3eha8przj4
2022-10-08;;;;;;;YzxtGGA7LSI
2022-10-07;;;;;;;BithNsnaXO8
2022-10-06;;;;;;;yuP1TgFnWeA
2022-10-05;;;;;;;iJixUU8yg1k
2022-10-04;;;;;;;K4CHaf0cWu0
2022-10-03;;;;;;;qAXHqb7vcAw
2022-10-02;;;;;;;NZsD9AYxtlE
2022-10-01;;;;;;;Uyb-LvWPDto
2022-09-30;;;;;;;qNtF1QUuufc
2022-09-29;;;;;;;AonwKVs_Kw8
2022-09-28;;;;;;;22EnnkHFsG8
2022-09-27;;;;;;;feBvZMwM1zU
2022-09-26;;;;;;;0WZjGuDIP4I
2022-09-25;;;;;;;6WzG_0A9JsQ
2022-09-24;;;;;;;m59tMKwh-q8
2022-09-23;;;;;;;cjl2i2MaGTg
2022-09-22;;;;;;;yfL55z6sqFQ
2022-09-21;;;;;;;h_rYDYPjJu0
2022-09-20;;;;;;;VSrHbfb5_80
2022-09-19;;;;;;;AiJ8W9OhIMc
2022-09-18;;;;;;;KVcx75kpOIU
2022-09-17;;;;;;;JUMgm555Iu0
2022-09-16;;;;;;;l2rWCDB4Vj4
2022-09-15;;;;;;;fdnw2k6BCZ4
2022-09-14;;;;;;;B--h5igBRnw
2022-09-13;;;;;;;AlhYdUNTgq8
2022-09-12;;;;;;;2et2DpbSrCg
2022-09-11;;;;;;;ExNPFcwUoaM
2022-09-10;;;;;;;IW4DHtveAPo
2022-09-09;;;;;;;7al1xlFSuK8
2022-09-08;;;;;;;NAjzDbjvqgY
2022-09-07;;;;;;;FQr0uhaHWjU
2022-09-06;;;;;;;A3KuAR4Jgsw
2022-09-05;;;;;;;HGOczfkJjx8
2022-09-04;;;;;;;PDUizNVTF-g
2022-09-03;;;;;;;pSvZZU3OZN0
2022-09-02;;;;;;;jZXcia4QOe8
2022-09-01;;;;;;;WQrJ9o-3Kto
2022-08-31;;;;;;;unUVj-S3GcY
2022-08-30;;;;;;;vfuz9J3_BSI
2022-08-29;;;;;;;O88fklfuA5o
2022-08-28;;;;;;;kKm7Vn5PHB4
2022-08-27;;;;;;;CgWkkK6alok
2022-08-26;;;;;;;P6h6puK1Qug
2022-08-25;;;;;;;o28i9t3dG2k
2022-08-24;;;;;;;ECyJi6tM2PY
2022-08-23;;;;;;;0BOgCB0x4po
2022-08-22;;;;;;;oY1daxulePE
2022-08-21;;;;;;;RQLMrGp_d_U
2022-08-20;;;;;;;mKbYhM4U_1c
2022-08-19;;;;;;;bmA9BbdMly0
2022-08-18;;;;;;;WC5KcGifSQg
2022-08-17;;;;;;;2H9rQo7XGZM
2022-08-16;;;;;;;0fJDQEiTk6E
2022-08-15;;;;;;;ICep2oTbs5g
2022-08-14;;;;;;;wNXtpI5akOo
2022-08-13;;;;;;;MFbERRnu6NU
2022-08-12;;;;;;;MYARpVYLQYk
2022-08-11;;;;;;;QAj94u3EWGg
2022-08-10;;;;;;;ELj0mjR2lWc
2022-08-09;;;;;;;hMoflXanjMk
2022-08-08;;;;;;;1onmuO3yph8
2022-08-07;;;;;;;P-9qdMS1nFs
2022-08-06;;;;;;;UW0ClbOLvO8
2022-08-05;;;;;;;ZRb47AE53wc
2022-08-04;;;;;;;uPYTn3aZzns
2022-08-03;;;;;;;7CCUPxGQRZQ
2022-08-02;;;;;;;G8upC20s-pY
2022-08-01;;;;;;;Raxk9QGGBk0
2022-07-31;;;;;;;wkBcIuFBZHQ
2022-07-30;;;;;;;oye76QaSpr8
2022-07-29;;;;;;;ai3ZZy-j8W0
